股票代码,股票名称
301502,N华阳智
833454,同心传动
301469,恒达新材
300997,欢乐家
000759,中百集团
002400,省广集团
002033,丽江股份
600272,开开实业
600639,浦东金桥
603960,克来机电
000020,深华发Ａ
603682,锦和商管
600446,金证股份
605218,伟时电子
003042,中农联合
603958,哈森股份
603767,中马传动
600551,时代出版
603032,德新科技
001318,阳光乳业
000029,深深房Ａ
603901,永创智能
603909,建发合诚
000678,襄阳轴承
600838,上海九百
000755,山西路桥
002181,粤 传 媒
000972,中基健康
600331,宏达股份
605318,法狮龙
000526,学大教育
873122,中纺标
600119,长江投资
301062,上海艾录
301195,北路智控
430047,诺思兰德
603199,九华旅游
603499,翔港科技
002605,姚记科技
001208,华菱线缆
000014,沙河股份
600683,京投发展
300898,熊猫乳品
600724,宁波富达
000736,中交地产
603230,内蒙新华
837592,华信永道
301285,鸿日达
600961,株冶集团
603130,云中马
605296,神农集团
001212,中旗新材
603603,*ST博天
002801,微光股份
001336,楚环科技
300979,华利集团
600560,金自天正
601882,海天精工
600318,新力金融
003028,振邦智能
301362,民爆光电
603477,巨星农牧
301152,天力锂能
603658,安图生物
002919,名臣健康
600012,皖通高速
002401,中远海科
834599,同力股份
000985,大庆华科
836826,盖世食品
603061,金海通
002232,启明信息
871753,天纺标
601858,中国科传
603558,健盛集团
831526,凯华材料
836221,易实精密
300445,康斯特
600648,外高桥
300710,万隆光电
600692,亚通股份
002214,大立科技
603369,今世缘
000921,海信家电
300353,东土科技
002615,哈尔斯
603268,松发股份
300175,朗源股份
002624,完美世界
001226,拓山重工
002319,乐通股份
300106,西部牧业
836422,润普食品
300138,晨光生物
001266,宏英智能
836720,吉冈精密
839790,联迪信息
600482,中国动力
300022,吉峰科技
301508,中机认检
002377,国创高新
605186,健麾信息
300917,特发服务
300197,节能铁汉
603083,剑桥科技
002590,万安科技
600114,东睦股份
873806,云星宇
002897,意华股份
002797,第一创业
300910,瑞丰新材
002159,三特索道
300037,新宙邦
600636,国新文化
603226,菲林格尔
000039,中集集团
002327,富安娜
002354,天娱数科
301516,中远通
603181,皇马科技
600809,山西汾酒
000975,银泰黄金
601098,中南传媒
300729,乐歌股份
300814,中富电路
600824,益民集团
838670,恒进感应
600306,*ST商城
002840,华统股份
300052,中青宝
688639,华恒生物
300523,辰安科技
600171,上海贝岭
838837,华原股份
000090,天健集团
601136,首创证券
000596,古井贡酒
001269,欧晶科技
000610,西安旅游
688301,奕瑞科技
002690,美亚光电
871478,巨能股份
600600,青岛啤酒
603298,杭叉集团
002837,英维克
000429,粤高速Ａ
002444,巨星科技
688475,萤石网络
601061,中信金属
601728,中国电信
600755,厦门国贸
000157,中联重科
603885,吉祥航空
001872,招商港口
300013,新宁物流
001308,康冠科技
688676,金盘科技
002517,恺英网络
688036,传音控股
688271,联影医疗
600011,华能国际
600848,上海临港
300002,神州泰岳
600325,华发股份
601088,中国神华
002173,创新医疗
000680,山推股份
600612,老凤祥
603922,金鸿顺
600547,山东黄金
301315,威士顿
000888,峨眉山Ａ
000423,东阿阿胶
002561,徐家汇
002326,永太科技
000897,津滨发展
833427,华维设计
688648,中邮科技
601929,吉视传媒
300708,聚灿光电
300573,兴齐眼药
600822,上海物贸
001259,利仁科技
000978,桂林旅游
688253,英诺特
601000,唐山港
001979,招商蛇口
000528,柳    工
600350,山东高速
603863,松炀资源
601009,南京银行
600266,城建发展
603329,上海雅仕
300017,网宿科技
832786,骑士乳业
300315,掌趣科技
600825,新华传媒
002166,莱茵生物
600795,国电电力
300039,上海凯宝
002656,ST摩登
002224,三 力 士
002703,浙江世宝
000797,中国武夷
688500,*ST慧辰
300301,*ST长方
600025,华能水电
000096,广聚能源
601898,中煤能源
600515,海南机场
300498,温氏股份
002100,天康生物
600048,保利发展
600461,洪城环境
300129,泰胜风能
000417,合肥百货
300896,爱美客
600977,中国电影
002758,浙农股份
430510,丰光精密
300124,汇川技术
601288,农业银行
600238,海南椰岛
002043,兔 宝 宝
000983,山西焦煤
600383,金地集团
300364,中文在线
601988,中国银行
601939,建设银行
605499,东鹏饮料
000099,中信海直
301005,超捷股份
600359,新农开发
603779,威龙股份
000721,西安饮食
603466,风语筑
601800,中国交建
002244,滨江集团
600975,新五丰
600897,厦门空港
600941,中国移动
600886,国投电力
300688,创业黑马
605008,长鸿高科
603029,天鹅股份
601226,华电重工
603882,金域医学
601390,中国中铁
603131,上海沪工
688065,凯赛生物
601868,中国能建
688169,石头科技
688198,佰仁医疗
600373,中文传媒
601928,凤凰传媒
603855,华荣股份
000786,北新建材
301035,润丰股份
002320,海峡股份
000651,格力电器
600657,信达地产
600377,宁沪高速
300699,光威复材
600558,大西洋
002028,思源电气
600938,中国海油
605259,绿田机械
605020,永和股份
300389,艾比森
000690,宝新能源
688087,英科再生
601328,交通银行
002761,浙江建投
600019,宝钢股份
003816,中国广核
000708,中信特钢
601100,恒立液压
603270,金帝股份
600754,锦江酒店
688398,赛特新材
600016,民生银行
601595,上海电影
300783,三只松鼠
601916,浙商银行
600177,雅戈尔
688617,惠泰医疗
601696,中银证券
601985,中国核电
300833,浩洋股份
002835,同为股份
600873,梅花生物
603939,益丰药房
603288,海天味业
002099,海翔药业
600028,中国石化
300740,水羊股份
000999,华润三九
002372,伟星新材
300394,天孚通信
600033,福建高速
300531,优博讯
601818,光大银行
603195,公牛集团
601339,百隆东方
836270,天铭科技
601669,中国电建
601668,中国建筑
601169,北京银行
600962,国投中鲁
600000,浦发银行
601398,工商银行
835892,中科美菱
600900,长江电力
601666,平煤股份
000002,万  科Ａ
603356,华菱精工
600150,中国船舶
300199,翰宇药业
000006,深振业Ａ
601225,陕西煤业
601628,中国人寿
600660,福耀玻璃
601989,中国重工
601500,通用股份
601699,潞安环能
002032,苏 泊 尔
301220,亚香股份
603198,迎驾贡酒
601298,青岛港
301308,江波龙
600749,西藏旅游
600706,曲江文旅
300492,华图山鼎
300832,新产业
002047,宝鹰股份
603722,阿科力
688569,铁科轨道
600039,四川路桥
600872,中炬高新
600123,兰花科创
601766,中国中车
600598,北大荒
300200,高盟新材
002714,牧原股份
002707,众信旅游
689009,九号公司-WD
688099,晶晨股份
001219,青岛食品
603156,养元饮品
002463,沪电股份
600104,上汽集团
603027,千禾味业
300373,扬杰科技
688267,中触媒
600674,川投能源
600863,内蒙华电
688050,爱博医疗
002543,万和电气
603277,银都股份
601077,渝农商行
002059,云南旅游
601658,邮储银行
600153,建发股份
300068,南都电源
000932,华菱钢铁
600018,上港集团
605368,蓝天燃气
600188,兖矿能源
600985,淮北矿业
000048,京基智农
002881,美格智能
601127,赛力斯
603717,天域生态
002726,龙大美食
601111,中国国航
300056,中创环保
600642,申能股份
600919,江苏银行
601186,中国铁建
000011,深物业A
001965,招商公路
688120,华海清科
300502,新易盛
603136,天目湖
002595,豪迈科技
688399,硕世生物
603899,晨光股份
603255,鼎际得
300624,万兴科技
870656,N海N
688709,成都华微
688584,上海合晶
688555,退市泽达
688550,瑞联新材
688289,圣湘生物
688150,莱特光电
688147,微导纳米
688086,退市紫晶
603996,退市中新
603361,浙江国祥
603341,龙旗科技
603157,退市拉夏
603077,和邦生物
601618,中国中冶
601558,退市锐电
601299,中国北车
601268,*ST二重
601258,*ST庞大
601166,兴业银行
601155,新城控股
601006,大秦铁路
600991,广汽长丰
600978,*ST宜生
600905,三峡能源
600899,*ST信联
600896,退市海医
600891,退市秋林
600890,退市中房
600887,伊利股份
600878,*ST北科
600870,退市厦华
600856,退市中天
600852,*ST中川
600849,上药转换
600842,中西药业
600840,新湖创业
600832,东方明珠
600823,ST世茂
600813,ST鞍一工
600806,退市昆机
600799,*ST龙科
600788,*ST达曼
600786,东方锅炉
600781,退市辅仁
600772,S*ST龙昌
600767,退市运盛
600762,S*ST金荔
600752,*ST哈慈
600747,退市大控
600729,重庆百货
600723,首商股份
600709,ST生态
600701,退市工新
600700,*ST数码
600695,退市绿庭
600687,退市刚泰
600680,*ST上普
600677,*ST航通
600672,*ST华圣
600670,*ST斯达
600669,*ST鞍成
600659,*ST花雕
600656,退市博元
600652,退市游久
600646,ST国嘉
600634,退市富控
600632,华联商厦
600631,百联股份
600628,新世界
600627,上电股份
600625,PT水仙
600614,退市鹏起
600607,上实医药
600591,*ST上航
600555,退市海创
600553,太行水泥
600532,退市未来
600485,*ST信威
600472,包头铝业
600466,*ST蓝光
600432,退市吉恩
600401,退市海润
600393,ST粤泰
600385,退市金泰
600357,承德钒钛
600317,营口港
600311,*ST荣华
600296,S兰铝
600291,退市西水
600290,*ST华仪
600286,S*ST国瓷
600275,退市昌鱼
600270,外运发展
600263,路桥建设
600260,*ST凯乐
600253,天方药业
600247,*ST成城
600242,退市中昌
600240,退市华业
600209,退市罗顿
600205,S山东铝
600181,S*ST云大
600175,退市美都
600170,上海建工
600146,退市环球
600145,退市新亿
600139,*ST西源
600122,*ST宏图
600102,莱钢股份
600093,退市易见
600092,S*ST精密
600091,退市明科
600090,退市济堂
600087,退市长油
600086,退市金钰
600077,*ST宋都
600074,退市保千
600069,退市银鸽
600068,葛洲坝
600065,*ST联谊
600050,中国联通
600023,浙能电力
600015,华夏银行
600008,首创环保
600005,武钢股份
600004,白云机场
600003,ST东北高
600002,齐鲁石化
600001,邯郸钢铁
301591,肯特股份
301589,诺瓦星云
300528,幸福蓝海
300526,中潜退
300431,暴风退
300392,腾信退
300372,欣泰退
300367,网力退
300362,天翔退
300356,光一退
300336,新文退
300330,计通退
300325,德威退
300312,邦讯退
300309,吉艾退
300297,蓝盾退
300273,和佳退
300216,千山退
300205,ST天喻
300202,聚龙退
300186,大华农
300178,腾邦退
300167,ST迪威迅
300156,神雾退
300104,乐视退
300090,盛运退
300089,文化退
300064,金刚退
300038,数知退
300028,金亚退
300023,宝德退
002931,锋龙股份
002781,奇信退
002776,*ST柏龙
002770,科迪退
002751,易尚退
002740,*ST爱迪
002711,欧浦退
002684,猛狮退
002680,长生退
002619,*ST艾格
002618,丹邦退
002604,龙力退
002509,天茂退
002508,老板电器
002504,*ST弘高
002503,*ST搜特
002499,科林退
002477,雏鹰退
002473,圣莱退
002464,众应退
002450,康得退
002447,晨鑫退
002417,深南退
002411,必康退
002359,北讯退
002260,德奥退
002259,ST升达
002220,天宝退
002147,新光退
002143,印纪退
002118,*ST紫鑫
002113,*ST天润
002071,长城退
002070,众和退
002053,云南能投
002018,华信退
002013,中航机电
002002,ST鸿达
000998,隆平高科
000982,中银绒业
000979,中弘退
000971,ST高升
000956,中原油气
000939,凯迪退
000918,*ST嘉凯
000916,华北高速
000866,扬子石化
000835,长动退
000832,*ST龙涤
000827,*ST长兴
000817,辽河油田
000806,银河退
000805,*ST炎黄
000787,*ST创智
000780,ST平能
000769,*ST大菲
000765,*ST华信
000763,锦州石化
000760,斯太退
000748,长城信息
000732,ST泰禾
000730,*ST环保
000699,S*ST佳纸
000693,华泽退
000689,ST宏业
000687,华讯退
000675,ST银山
000673,当代退
000671,ST阳光城
000667,ST美置
000666,经纬纺机
000662,天夏退
000660,*ST南华
000658,ST海洋
000653,ST九州
000621,*ST比特
000618,吉林化工
000616,*ST海投
000613,东海A退
000611,天首退
000606,顺利退
000602,金马集团
000594,国恒退
000588,PT粤金曼
000587,*ST金洲
000585,东电退
000583,S*ST托普
000578,盐湖集团
000569,长城股份
000562,宏源证券
000556,PT南洋
000549,S湘火炬
000542,TCL通讯
000540,*ST中天
000535,*ST猴王
000527,美的电器
000522,白云山A
000515,攀渝钛业
000511,烯碳退
000508,琼民源A
000502,绿景退
000418,小天鹅A
000412,ST五环
000406,石油大明
000405,ST鑫光
000150,*ST宜康
000047,ST中侨
000046,*ST泛海
000038,大通退
000033,新都退
000024,招商地产
000018,神城A退
000015,PT中浩A
000013,*ST石化A
000003,PT金田A
600988,赤峰黄金
600585,海螺水泥
600926,杭州银行
603338,浙江鼎力
002318,久立特材
002991,甘源食品
002001,新 和 成
603719,良品铺子
600273,嘉化能源
688366,昊海生科
600158,中体产业
600785,新华百货
603816,顾家家居
601229,上海银行
002154,报 喜 鸟
600027,华电国际
600761,安徽合力
000538,云南白药
002027,分众传媒
838163,方大新材
600054,黄山旅游
603099,长白山
600970,中材国际
600295,鄂尔多斯
601816,京沪高铁
300908,仲景食品
300791,仙乐健康
600489,中金黄金
688009,中国通号
600538,国发股份
002785,万里石
603556,海兴电力
600791,京能置业
002078,太阳纸业
300661,圣邦股份
603589,口子窖
000409,云鼎科技
688575,亚辉龙
600007,中国国贸
300276,三丰智能
600998,九州通
000877,天山股份
000028,国药一致
002311,海大集团
000036,华联控股
000703,恒逸石化
002952,亚世光电
603979,金诚信
600690,海尔智家
688156,路德环境
601187,厦门银行
600462,ST九有
003000,劲仔食品
600337,美克家居
000501,武商集团
601577,长沙银行
300656,民德电子
002424,贵州百灵
002966,苏州银行
000933,神火股份
601128,常熟银行
000166,申万宏源
002572,索菲亚
000338,潍柴动力
002142,宁波银行
600057,厦门象屿
601607,上海医药
002304,洋河股份
600138,中青旅
601318,中国平安
300847,中船汉光
603600,永艺股份
002936,郑州银行
601919,中远海控
600354,敦煌种业
600258,首旅酒店
300992,泰福泵业
600066,宇通客车
000425,徐工机械
000725,京东方Ａ
000937,冀中能源
601567,三星医疗
002305,南国置业
601997,贵阳银行
600837,海通证券
002458,益生股份
002831,裕同科技
002847,盐津铺子
601857,中国石油
603318,水发燃气
600036,招商银行
601872,招商轮船
300555,ST路通
600895,张江高科
601838,成都银行
002948,青岛银行
601117,中国化学
601811,新华文轩
000089,深圳机场
601228,广州港
603977,国泰集团
600997,开滦股份
600548,深高速
834021,流金科技
600064,南京高科
600741,华域汽车
000513,丽珠集团
600332,白云山
601107,四川成渝
002150,通润装备
605196,华通线缆
600010,包钢股份
601601,中国太保
600340,华夏幸福
601700,风范股份
601600,中国铝业
605098,行动教育
002557,洽洽食品
603993,洛阳钼业
002007,华兰生物
601238,广汽集团
600269,赣粤高速
688793,倍轻松
600717,天津港
301327,华宝新能
002681,奋达科技
000012,南  玻Ａ
600157,永泰能源
688570,天玛智控
002958,青农商行
600009,上海机场
301286,侨源股份
600022,山东钢铁
001227,兰州银行
002601,龙佰集团
002670,国盛金控
603223,恒通股份
300975,商络电子
688621,阳光诺和
600115,中国东航
835207,众诚科技
600989,宝丰能源
601899,紫金矿业
002807,江阴银行
600971,恒源煤电
300042,朗科科技
688041,海光信息
002567,唐人神
002223,鱼跃医疗
002493,荣盛石化
601018,宁波港
002475,立讯精密
000860,顺鑫农业
600649,城投控股
600236,桂冠电力
601866,中远海发
600519,贵州茅台
688223,晶科能源
002430,杭氧股份
600029,南方航空
000961,中南建设
600071,凤凰光学
001323,慕思股份
600582,天地科技
600720,中交设计
300858,科拓生物
601168,西部矿业
300923,研奥股份
301115,建科股份
688625,呈和科技
603638,艾迪精密
688188,柏楚电子
000895,双汇发展
002650,加加食品
000333,美的集团
002128,电投能源
002568,百润股份
600737,中粮糖业
002536,飞龙股份
301293,三博脑科
002416,爱施德
000543,皖能电力
605108,同庆楼
300818,耐普矿机
601727,上海电气
002299,圣农发展
600757,长江传媒
600637,东方明珠
600159,大龙地产
000009,中国宝安
600959,江苏有线
688016,心脉医疗
600999,招商证券
000598,兴蓉环境
600750,江中药业
601058,赛轮轮胎
688351,微电生理-U
300735,光弘科技
300308,中际旭创
688218,江苏北人
600282,南钢股份
600518,ST康美
688777,中控技术
600483,福能股份
600681,百川能源
000729,燕京啤酒
000819,岳阳兴长
002741,光华科技
601139,深圳燃气
600673,东阳光
300251,光线传媒
601718,际华集团
600821,金开新能
002507,涪陵榨菜
688217,睿昂基因
600426,华鲁恒升
001267,汇绿生态
688127,蓝特光学
600803,新奥股份
600348,华阳股份
600398,海澜之家
601900,南方传媒
600428,中远海特
603279,景津装备
000758,中色股份
000791,甘肃能源
002833,弘亚数控
603444,吉比特
603101,汇嘉时代
600546,山煤国际
603167,渤海轮渡
603260,合盛硅业
600031,三一重工
600226,瀚叶股份
601179,中国西电
002818,富森美
601158,重庆水务
002293,罗莱生活
603069,海汽集团
300494,盛天网络
002039,黔源电力
603278,大业股份
600487,亨通光电
300802,矩子科技
688303,大全能源
601921,浙版传媒
603215,比依股份
600030,中信证券
002791,坚朗五金
600038,中直股份
002146,荣盛发展
688981,中芯国际
603605,珀莱雅
601998,中信银行
002558,巨人网络
601113,华鼎股份
000630,铜陵有色
600576,祥源文旅
688349,三一重能
600502,安徽建工
002832,比音勒芬
002563,森马服饰
603990,麦迪科技
000517,荣安地产
600406,国电南瑞
300442,润泽科技
002768,国恩股份
603351,威尔药业
688425,铁建重工
301073,君亭酒店
601611,中国核建
603529,爱玛科技
301356,天振股份
600925,苏能股份
000524,岭南控股
600968,海油发展
430489,佳先股份
600908,无锡银行
600511,国药股份
000656,金科股份
688420,美腾科技
603833,欧派家居
688125,安达智能
600436,片仔癀
600459,贵研铂业
600916,中国黄金
000802,北京文化
000523,红棉股份
603668,天马科技
605377,华旺科技
603237,五芳斋
002476,宝莫股份
000818,航锦科技
601825,沪农商行
002867,周大生
603699,纽威股份
301011,华立科技
600221,海航控股
000709,河钢股份
600251,冠农股份
001238,浙江正特
600307,酒钢宏兴
002131,利欧股份
600026,中远海能
600376,首开股份
002233,塔牌集团
000776,广发证券
688626,翔宇医疗
301061,匠心家居
603886,元祖股份
300001,特锐德
601336,新华保险
000001,平安银行
600597,光明乳业
688332,中科蓝讯
601788,光大证券
300435,中泰股份
600928,西安银行
000031,大悦城
600098,广州发展
600198,大唐电信
000430,张家界
002555,三七互娱
603119,浙江荣泰
603707,健友股份
688076,诺泰生物
000800,一汽解放
002212,天融信
600808,马钢股份
600640,国脉文化
600021,上海电力
300796,贝斯美
002701,奥瑞金
600875,东方电气
688469,芯联集成-U
300274,阳光电源
000581,威孚高科
600958,东方证券
000848,承德露露
002697,红旗连锁
600992,贵绳股份
601860,紫金银行
300736,百邦科技
002629,仁智股份
601001,晋控煤业
002014,永新股份
002270,华明装备
603685,晨丰科技
002042,华孚时尚
688155,先惠技术
688548,广钢气体
002271,东方雨虹
000301,东方盛虹
002110,三钢闽光
000778,新兴铸管
600089,特变电工
002884,凌霄泵业
001289,龙源电力
831726,朱老六
601933,永辉超市
301067,显盈科技
300489,光智科技
601021,春秋航空
002746,仙坛股份
601598,中国外运
601991,大唐发电
300999,金龙鱼
600708,光明地产
301206,三元生物
600220,江苏阳光
601665,齐鲁银行
000898,鞍钢股份
002262,恩华药业
002385,大北农
600782,新钢股份
600575,淮河能源
002003,伟星股份
600820,隧道股份
603313,梦百合
300748,金力永磁
002367,康力电梯
600497,驰宏锌锗
600358,国旅联合
603619,中曼石油
002700,ST浩源
688396,华润微
603337,杰克股份
600871,石化油服
600766,*ST园城
600239,云南城投
603931,格林达
688819,天能股份
601101,昊华能源
688330,宏力达
601319,中国人保
603798,康普顿
300146,汤臣倍健
002371,北方华创
830896,旺成科技
300093,金刚光伏
301200,大族数控
002839,张家港行
601068,中铝国际
002575,群兴玩具
000685,中山公用
600375,汉马科技
002352,顺丰控股
002648,卫星化学
430476,海能技术
000830,鲁西化工
300473,德尔股份
601528,瑞丰银行
002064,华峰化学
000665,湖北广电
688553,汇宇制药-W
600072,中船科技
000568,泸州老窖
601010,文峰股份
000402,金 融 街
600736,苏州高新
000007,*ST全新
000948,南天信息
002314,南山控股
688092,爱科科技
600480,凌云股份
600017,日照港
600704,物产中大
603757,大元泵业
301311,昆船智能
002123,梦网科技
600995,南网储能
300059,东方财富
600395,盘江股份
603587,地素时尚
688053,思科瑞
601066,中信建投
301093,华兰股份
000959,首钢股份
600323,瀚蓝环境
000498,山东路桥
002597,金禾实业
300677,英科医疗
300459,汤姆猫
601918,新集能源
000100,TCL科技
000008,神州高铁
600688,上海石化
000900,现代投资
688298,东方生物
600603,广汇物流
000905,厦门港务
000923,河钢资源
600638,新黄浦
600143,金发科技
688786,悦安新材
600655,豫园股份
600208,新湖中宝
601608,中信重工
601118,海南橡胶
600320,振华重工
605099,共创草坪
000917,电广传媒
600060,海信视像
000027,深圳能源
603703,盛洋科技
002659,凯文教育
605166,聚合顺
000156,华数传媒
601375,中原证券
002157,*ST 正邦
600522,中天科技
601216,君正集团
000825,太钢不锈
870866,绿亨科技
600568,ST中珠
002736,国信证券
002321,华英农业
430564,天润科技
300984,金沃股份
831305,海希通讯
000415,渤海租赁
600508,上海能源
300031,宝通科技
002242,九阳股份
300750,宁德时代
603308,应流股份
688728,格科微
002500,山西证券
601162,天风证券
600429,三元股份
688117,圣诺生物
601211,国泰君安
000886,海南高速
603082,C北自
688766,普冉股份
688443,智翔金泰-U
600297,广汇汽车
000582,北部湾港
600313,农发种业
000408,藏格矿业
603153,上海建科
000869,张  裕Ａ
300345,华民股份
002419,天虹股份
603057,紫燕食品
002120,韵达股份
600096,云天化
600697,欧亚集团
600976,健民集团
300760,迈瑞医疗
000878,云南铜业
000589,贵州轮胎
600956,新天绿能
000858,五 粮 液
600388,龙净环保
601019,山东出版
002849,威星智能
000686,东北证券
000631,顺发恒业
832471,美邦科技
688506,百利天恒-U
600507,方大特钢
601828,美凯龙
301030,仕净科技
002216,三全食品
002030,达安基因
600831,广电网络
601016,节能风电
600305,恒顺醋业
601366,利群股份
600187,国中水务
002737,葵花药业
002521,齐峰新材
601880,辽港股份
002198,嘉应制药
002838,道恩股份
300058,蓝色光标
002155,湖南黄金
300406,九强生物
605266,健之佳
600604,市北高新
603128,华贸物流
603050,科林电气
600801,华新水泥
600807,济南高新
600261,阳光照明
301160,翔楼新材
000623,吉林敖东
688488,艾迪药业
600006,东风汽车
301509,金凯生科
688190,云路股份
300396,迪瑞医疗
600685,中船防务
605567,春雪食品
000591,太阳能
002461,珠江啤酒
300144,宋城演艺
000950,重药控股
000560,我爱我家
601966,玲珑轮胎
002438,江苏神通
000428,华天酒店
600566,济川药业
688278,特宝生物
600528,中铁工业
601512,中新集团
601200,上海环境
603179,新泉股份
002126,银轮股份
001213,中铁特货
000558,莱茵体育
000876,新 希 望
002732,燕塘乳业
872925,锦好医疗
600879,航天电子
600362,江西铜业
002594,比亚迪
301031,中熔电气
600132,重庆啤酒
000977,浪潮信息
300627,华测导航
003021,兆威机电
002345,潮宏基
600748,上实发展
002739,万达电影
002050,三花智控
002635,安洁科技
603883,老百姓
601399,国机重装
601005,重庆钢铁
603043,广州酒家
688401,路维光电
600901,江苏金租
000883,湖北能源
601106,中国一重
600509,天富能源
002790,瑞尔特
600827,百联股份
300991,创益通
603887,城地香江
605009,豪悦护理
601801,皖新传媒
000935,四川双马
600710,苏美达
605599,菜百股份
002478,常宝股份
002468,申通快递
688187,时代电气
603997,继峰股份
430718,合肥高科
000410,沈阳机床
002851,麦格米特
301498,乖宝宠物
002406,远东传动
300918,南山智尚
600740,山西焦化
300957,贝泰妮
600521,华海药业
002655,共达电声
002505,鹏都农牧
688212,澳华内镜
600658,电子城
000863,三湘印象
688526,科前生物
000927,中国铁物
600606,绿地控股
601007,金陵饭店
300255,常山药业
600862,中航高科
603606,东方电缆
000069,华侨城Ａ
603819,神力股份
600365,ST通葡
600219,南山铝业
688392,骄成超声
600993,马应龙
000561,烽火电子
002423,中粮资本
600085,同仁堂
601717,郑煤机
601326,秦港股份
000719,中原传媒
003027,同兴环保
300522,世名科技
002925,盈趣科技
002599,盛通股份
002019,亿帆医药
603227,雪峰科技
601126,四方股份
601003,柳钢股份
600382,广东明珠
600167,联美控股
600103,青山纸业
002379,宏创控股
601963,重庆银行
301004,嘉益股份
002138,顺络电子
600061,国投资本
300012,华测检测
300121,阳谷华泰
603868,飞科电器
601212,白银有色
002195,岩山科技
600280,中央商场
601008,连云港
603016,新宏泰
837174,宏裕包材
000893,亚钾国际
603235,天新药业
000951,中国重汽
600116,三峡水利
002226,江南化工
600285,羚锐制药
000401,冀东水泥
002415,海康威视
600166,福田汽车
688001,华兴源创
600160,巨化股份
000595,宝塔实业
000550,江铃汽车
603871,嘉友国际
600298,安琪酵母
601568,北元集团
603171,税友股份
688336,三生国健
600814,杭州解百
688522,纳睿雷达
301325,曼恩斯特
600037,歌华有线
688295,中复神鹰
000922,佳电股份
000728,国元证券
002673,西部证券
000807,云铝股份
600583,海油工程
000963,华东医药
603336,宏辉果蔬
000063,中兴通讯
605300,佳禾食品
603826,坤彩科技
688363,华熙生物
603323,苏农银行
002930,宏川智慧
600663,陆家嘴
688408,中信博
600368,五洲交通
002031,巨轮智能
002238,天威视讯
601579,会稽山
300856,科思股份
603116,红蜻蜓
002716,金贵银业
601377,兴业证券
603858,步长制药
600816,建元信托
603665,康隆达
000617,中油资本
001287,中电港
300096,ST易联众
002727,一心堂
600210,紫江企业
002526,山东矿机
600248,陕建股份
600380,健康元
600035,楚天高速
001286,陕西能源
000042,中洲控股
000906,浙商中拓
300972,万辰集团
002939,长城证券
002307,北新路桥
002252,上海莱士
833266,生物谷
300873,海晨股份
002230,科大讯飞
002356,赫美集团
000902,新洋丰
000400,许继电气
300130,新国都
000783,长江证券
600868,梅雁吉祥
300533,冰川网络
002611,东方精工
839371,欧福蛋业
600073,上海梅林
600885,宏发股份
600312,平高电气
002268,电科网安
600176,中国巨石
002614,奥佳华
300048,合康新能
301190,善水科技
600787,中储股份
000735,罗 牛 山
002511,中顺洁柔
833509,同惠电子
001914,招商积余
002891,中宠股份
600161,天坛生物
600346,恒力石化
300893,松原股份
601636,旗滨集团
600352,浙江龙盛
002482,*ST广田
002234,民和股份
600694,大商股份
601789,宁波建工
300987,川网传媒
002186,全 聚 德
605090,九丰能源
300102,乾照光电
000539,粤电力Ａ
300122,智飞生物
002694,顾地科技
300470,中密控股
605179,一鸣食品
600108,亚盛集团
300148,天舟文化
002467,二六三
601799,星宇股份
601599,浙文影业
000676,智度股份
300304,云意电气
600846,同济科技
002627,三峡旅游
832491,奥迪威
600578,京能电力
603225,新凤鸣
603053,成都燃气
000766,通化金马
300185,通裕重工
002470,金正大
000552,甘肃能化
002294,信立泰
603611,诺力股份
000557,西部创业
688697,纽威数控
601878,浙商证券
000060,中金岭南
603056,德邦股份
002969,嘉美包装
603511,爱慕股份
002085,万丰奥威
000777,中核科技
002481,双塔食品
301037,保立佳
603888,新华网
605365,立达信
002793,罗欣药业
000750,国海证券
601198,东兴证券
002086,*ST东洋
600438,通威股份
601456,国联证券
600903,贵州燃气
603163,圣晖集成
000965,天保基建
600062,华润双鹤
300591,万里马
600635,大众公用
603357,设计总院
300236,上海新阳
688538,和辉光电-U
002274,华昌化工
002004,华邦健康
002243,力合科创
601952,苏垦农发
002194,武汉凡谷
000792,盐湖股份
600215,派斯林
600572,康恩贝
603596,伯特利
600452,涪陵电力
000892,欢瑞世纪
300232,洲明科技
603995,甬金股份
688075,安旭生物
600703,三安光电
000635,英 力 特
603300,华铁应急
601958,金钼股份
001215,千味央厨
688123,聚辰股份
605016,百龙创园
000661,长春高新
600120,浙江东方
600448,华纺股份
002902,铭普光磁
300795,米奥会展
002937,兴瑞科技
605369,拱东医疗
600726,华电能源
688276,百克生物
688513,苑东生物
002946,新乳业
002227,奥 特 迅
688112,鼎阳科技
600173,卧龙地产
600620,天宸股份
600909,华安证券
605277,新亚电子
002587,奥拓电子
688114,华大智造
000716,黑芝麻
000768,中航西飞
603801,志邦家居
300888,稳健医疗
002843,泰嘉股份
603656,泰禾智能
600328,中盐化工
000726,鲁  泰Ａ
300558,贝达药业
600233,圆通速递
837344,三元基因
002775,文科股份
601678,滨化股份
600321,正源股份
688128,中国电研
000718,苏宁环球
600712,南宁百货
832735,德源药业
002156,通富微电
601233,桐昆股份
601888,中国中免
603095,越剑智能
301391,卡莱特
600369,西南证券
603155,新亚强
688215,瑞晟智能
002588,史丹利
600250,南京商旅
301262,海看股份
600109,国金证券
002044,美年健康
002187,广百股份
300811,铂科新材
603687,大胜达
000403,派林生物
301161,唯万密封
601015,陕西黑猫
002603,以岭药业
603517,绝味食品
603151,邦基科技
688681,科汇股份
000514,渝 开 发
605188,国光连锁
300264,佳创视讯
688789,宏华数科
603159,上海亚虹
600845,宝信软件
600798,宁波海运
000088,盐 田 港
603236,移远通信
300454,深信服
600593,大连圣亚
601996,丰林集团
600536,中国软件
688019,安集科技
688320,禾川科技
002077,大港股份
002096,易普力
603102,百合股份
601698,中国卫通
002910,庄园牧场
300247,融捷健康
000563,陕国投Ａ
600833,第一医药
002532,天山铝业
600498,烽火通信
300005,探路者
300780,德恩精工
600859,王府井
600059,古越龙山
600020,中原高速
002984,森麒麟
605068,明新旭腾
605507,国邦医药
002083,孚日股份
300300,海峡创新
000505,京粮控股
601099,太平洋
600162,香江控股
300633,开立医疗
601990,南京证券
601827,三峰环境
300628,亿联网络
300159,新研股份
002236,大华股份
600751,海航科技
600552,凯盛科技
603536,惠发食品
002679,福建金森
600888,新疆众和
600149,廊坊发展
600125,铁龙物流
002911,佛燃能源
301153,中科江南
001322,箭牌家居
002303,美盈森
603515,欧普照明
873693,阿为特
688281,华秦科技
600624,复旦复华
002221,东华能源
600858,银座股份
600338,西藏珠峰
002275,桂林三金
600319,亚星化学
000657,中钨高新
600141,兴发集团
603368,柳药集团
830799,艾融软件
002179,中航光电
603599,广信股份
688628,优利德
600303,ST曙光
000420,吉林化纤
600563,法拉电子
600573,惠泉啤酒
600735,新华锦
600503,华丽家族
603583,捷昌驱动
601619,嘉泽新能
688331,荣昌生物
002067,景兴纸业
002063,远光软件
002168,惠程科技
300145,中金环境
605018,长华集团
600777,新潮能源
000987,越秀资本
603379,三美股份
002608,江苏国信
600111,北方稀土
002397,梦洁股份
600308,华泰股份
002747,埃斯顿
301196,唯科科技
600982,宁波能源
600231,凌钢股份
300070,碧水源
001201,东瑞股份
600623,华谊集团
600662,外服控股
600075,新疆天业
600581,八一钢铁
605128,上海沿浦
300418,昆仑万维
605337,李子园
601949,中国出版
600397,安源煤业
600738,丽尚国潮
000851,高鸿股份
603012,创力集团
603393,新天然气
600479,千金药业
300755,华致酒行
300866,安克创新
688739,成大生物
600675,中华企业
600252,中恒集团
600276,恒瑞医药
300207,欣旺达
300761,立华股份
603018,华设集团
603999,读者传媒
002174,游族网络
600835,上海机电
300256,星星科技
002286,保龄宝
300676,华大基因
001337,四川黄金
603103,横店影视
002705,新宝股份
600874,创业环保
002920,德赛西威
601992,金隅集团
601108,财通证券
002108,沧州明珠
002999,天禾股份
600300,维维股份
688069,德林海
000507,珠海港
000672,上峰水泥
600169,太原重工
300014,亿纬锂能
600716,凤凰股份
002981,朝阳科技
000715,中兴商业
601555,东吴证券
601588,北辰实业
688767,博拓生物
000751,锌业股份
600339,中油工程
300503,昊志机电
300166,东方国信
603889,新澳股份
002928,华夏航空
603388,元成股份
603565,中谷物流
603345,安井食品
603317,天味食品
600906,财达证券
000019,深粮控股
300801,泰和科技
300654,世纪天鸿
301269,华大九天
600056,中国医药
300187,永清环保
600058,五矿发展
600131,国网信通
600127,金健米业
600351,亚宝药业
600611,大众交通
601518,吉林高速
600418,江淮汽车
301345,涛涛车业
002915,中欣氟材
600830,香溢融通
002114,罗平锌电
300415,伊之密
002016,世荣兆业
000625,长安汽车
003009,中天火箭
000544,中原环保
600419,天润乳业
301317,鑫磊股份
002394,联发股份
688184,帕瓦股份
601877,正泰电器
002960,青鸟消防
002061,浙江交科
603519,立霸股份
600217,中再资环
300354,东华测试
002302,西部建设
600267,海正药业
000571,新大洲A
601995,中金公司
300770,新媒股份
688249,晶合集成
002841,视源股份
002895,川恒股份
002267,陕天然气
603076,乐惠国际
002486,嘉麟杰
688600,皖仪科技
002422,科伦药业
003012,东鹏控股
600415,小商品城
688327,云从科技-UW
600196,复星医药
002437,誉衡药业
603966,法兰泰克
600739,辽宁成大
603170,宝立食品
600232,金鹰股份
002383,合众思壮
600592,龙溪股份
605080,浙江自然
603038,华立股份
600622,光大嘉宝
600549,厦门钨业
601633,长城汽车
002457,青龙管业
600661,昂立教育
002654,万润科技
000862,银星能源
002152,广电运通
000761,本钢板材
600531,豫光金铅
000713,丰乐种业
002810,山东赫达
300516,久之洋
600917,重庆燃气
000529,广弘控股
600268,国电南自
002941,新疆交建
834033,康普化学
000967,盈峰环境
000559,万向钱潮
600094,大名城
300133,华策影视
002596,海南瑞泽
000600,建投能源
600918,中泰证券
600713,南京医药
002048,宁波华翔
600969,郴电国际
300952,恒辉安防
002343,慈文传媒
600778,友好集团
301109,军信股份
000026,飞亚达
601208,东材科技
002820,桂发祥
002589,瑞康医药
300793,佳禾智能
688153,唯捷创芯
600420,国药现代
300024,机器人
688410,山外山
300045,华力创通
603579,荣泰健康
603590,康辰药业
600201,生物股份
002970,锐明技术
301078,孩子王
301039,中集车辆
603609,禾丰股份
300114,中航电测
300218,安利股份
300027,华谊兄弟
603233,大参林
000828,东莞控股
688696,极米科技
300788,中信出版
603052,可川科技
002494,华斯股份
000650,仁和药业
002691,冀凯股份
688146,中船特气
002183,怡 亚 通
605005,合兴股份
002767,先锋电子
000875,吉电股份
300678,中科信息
002978,安宁股份
300220,ST金运
002010,传化智联
300063,天龙集团
688557,兰剑智能
688348,昱能科技
003025,思进智能
600309,万华化学
600121,郑州煤电
603107,上海汽配
301219,腾远钴业
002245,蔚蓝锂芯
601163,三角轮胎
603970,中农立华
000966,长源电力
605089,味知香
300438,鹏辉能源
603786,科博达
605305,中际联合
002570,贝因美
000536,华映科技
300413,芒果超媒
600780,通宝能源
002783,凯龙股份
688159,有方科技
000066,中国长城
688130,晶华微
300497,富祥药业
688520,神州细胞-U
300724,捷佳伟创
600106,重庆路桥
000809,铁岭新城
002344,海宁皮城
603919,金徽酒
601688,华泰证券
600129,太极集团
000968,蓝焰控股
601333,广深铁路
603607,京华激光
600811,东方集团
000488,晨鸣纸业
603035,常熟汽饰
837821,则成电子
002435,长江健康
000592,平潭发展
601038,一拖股份
000930,中粮科技
000911,广农糖业
601890,亚星锚链
600987,航民股份
301108,洁雅股份
603011,合锻智能
603025,大豪科技
300884,狄耐克
600425,青松建化
000682,东方电子
600084,中信尼雅
600379,宝光股份
603896,寿仙谷
002533,金杯电工
002093,国脉科技
601177,杭齿前进
000789,万年青
603180,金牌厨柜
002855,捷荣技术
688126,沪硅产业
603135,中重科技
836208,青矩技术
603569,长久物流
300188,国投智能
688282,理工导航
688698,伟创电气
300737,科顺股份
002559,亚威股份
000570,苏常柴Ａ
002780,三夫户外
605338,巴比食品
300664,鹏鹞环保
601012,隆基绿能
603773,沃格光电
300049,福瑞股份
002712,思美传媒
300521,爱司凯
002203,海亮股份
002959,小熊电器
300433,蓝思科技
600322,津投城开
002852,道道全
003040,楚天龙
688279,峰G科技
688387,信科移动-U
300859,*ST西域
600529,山东药玻
600586,金晶科技
603273,天元智能
301171,易点天下
600828,茂业商业
600743,华远地产
002439,启明星辰
002368,太极股份
301015,百洋医药
600779,水井坊
688119,中钢洛耐
300915,海融科技
002719,麦趣尔
300781,因赛集团
603019,中科曙光
002905,金逸影视
603031,安孚科技
300600,国瑞科技
600643,爱建集团
600082,海泰发展
600619,海立股份
600356,恒丰纸业
002088,鲁阳节能
601188,龙江交通
300808,久量股份
000938,紫光股份
002527,新时达
601236,红塔证券
603533,掌阅科技
601069,西部黄金
000609,中迪投资
002246,北化股份
605388,均瑶健康
002663,普邦股份
002440,闰土股份
300840,酷特智能
300663,科蓝软件
603071,物产环能
603398,沐邦高科
001210,金房能源
600490,鹏欣资源
603386,骏亚科技
688576,西山科技
600839,四川长虹
300629,新劲刚
688122,西部超导
603878,武进不锈
002632,道明光学
002035,华帝股份
600287,江苏舜天
000411,英特集团
000510,新金路
300112,万讯自控
002643,万润股份
300695,兆丰股份
300596,利安隆
300587,天铁股份
603081,大丰实业
600467,好当家
002074,国轩高科
603859,能科科技
600676,交运股份
600178,东安动力
300926,博俊科技
002241,歌尔股份
300698,万马科技
002279,久其软件
603505,金石资源
605183,确成股份
301322,绿通科技
002541,鸿路钢构
000993,闽东电力
688163,赛伦生物
002926,华西证券
836675,秉扬科技
688062,迈威生物-U
000910,大亚圣象
300692,中环环保
002609,捷顺科技
601222,林洋能源
002892,科力尔
600315,上海家化
002773,康弘药业
600894,广日股份
600812,华北制药
300214,日科化学
000061,农 产 品
600865,百大集团
001300,三柏硕
603808,歌力思
600633,浙数文化
600533,栖霞建设
002986,宇新股份
688012,中微公司
002182,宝武镁业
600719,大连热电
605288,凯迪股份
601615,明阳智能
300603,立昂技术
831039,国义招标
600333,长春燃气
600760,中航沈飞
603877,太平鸟
001368,通达创智
300940,南极光
688334,西高院
002702,海欣食品
835174,五新隧装
001216,华瓷股份
300553,集智股份
002040,南 京 港
300408,三环集团
688586,江航装备
600935,华塑股份
600496,精工钢构
300452,山河药辅
002531,天顺风能
688006,杭可科技
002177,御银股份
600559,老白干酒
601020,华钰矿业
600516,方大炭素
600979,广安爱众
600399,抚顺特钢
301398,星源卓镁
688455,科捷智能
601086,国芳集团
833429,康比特
002266,浙富控股
002210,飞马国际
688772,珠海冠宇
600499,科达制造
600584,长电科技
603598,引力传媒
605117,德业股份
600665,天地源
688255,凯尔达
605138,盛泰集团
601901,方正证券
600433,冠豪高新
836247,华密新材
002538,司尔特
002041,登海种业
300487,蓝晓科技
600197,伊力特
300457,赢合科技
300098,高新兴
603727,博迈科
600390,五矿资本
600707,彩虹股份
600933,爱柯迪
600190,锦州港
002029,七 匹 狼
300299,富春股份
300529,健帆生物
300450,先导智能
300009,安科生物
300215,电科院
002445,中南文化
301368,丰立智能
603266,天龙股份
000731,四川美丰
301236,软通动力
601881,中国银河
601330,绿色动力
600759,ST洲际
301071,力量钻石
600981,汇鸿集团
600565,迪马股份
002756,永兴材料
000055,方大集团
688275,万润新能
600456,宝钛股份
300575,中旗股份
003035,南网能源
300485,赛升药业
600257,大湖股份
002683,广东宏大
300174,元力股份
002600,领益智造
600725,云维股份
002133,广宇集团
603568,伟明环保
300226,上海钢联
300015,爱尔眼科
002235,安妮股份
002918,蒙娜丽莎
603289,泰瑞机器
603365,水星家纺
603177,德创环保
600686,金龙汽车
600608,ST沪科
600556,天下秀
600277,亿利洁能
002285,世联行
002127,南极电商
833819,颖泰生物
002215,诺 普 信
002202,金风科技
600409,三友化工
301310,鑫宏业
000915,华特达因
300010,*ST豆神
000839,ST国安
001203,大中矿业
600577,精达股份
300806,斯迪克
300209,ST有棵树
000683,远兴能源
600229,城市传媒
688143,长盈通
600893,航发动力
000058,深 赛 格
600501,航天晨光
002020,京新药业
000995,皇台酒业
002812,恩捷股份
605168,三人行
300938,信测标准
601156,东航物流
002896,中大力德
600505,西昌电力
002799,环球印务
300403,汉宇集团
000506,中润资源
002512,达华智能
605598,上海港湾
002772,众兴菌业
002263,大东南
000723,美锦能源
603799,华友钴业
600562,国睿科技
605589,圣泉集团
603211,晋拓股份
603697,有友食品
002677,浙江美大
603059,倍加洁
688347,华虹公司
003030,祖名股份
600179,安通控股
603261,立航科技
600771,广誉远
002353,杰瑞股份
003016,欣贺股份
002386,天原股份
600867,通化东宝
600936,广西广电
002706,良信股份
002081,金 螳 螂
605050,福然德
300224,正海磁材
601137,博威合金
600118,中国卫星
600684,珠江股份
000739,普洛药业
603881,数据港
300899,上海凯鑫
000779,甘咨询
301133,金钟股份
600216,浙江医药
300339,润和软件
002788,鹭燕医药
002749,国光股份
688400,凌云光
002237,恒邦股份
002962,五方光电
003002,壶化股份
301118,恒光股份
839273,一致魔芋
601686,友发集团
601360,三六零
300437,清水源
600986,浙文互联
600517,国网英大
600293,三峡新材
600063,皖维高新
301051,信濠光电
600722,金牛化工
600182,S佳通
603000,人民网
300217,东方电热
301029,怡合达
002349,精华制药
603231,索宝蛋白
600792,云煤能源
600265,ST景谷
600550,保变电气
001333,光华股份
600355,精伦电子
600255,鑫科材料
002456,欧菲光
002425,凯撒文化
688360,德马科技
600405,动力源
002878,元隆雅图
601311,骆驼股份
300081,恒信东方
300094,国联水产
000926,福星股份
603129,春风动力
603392,万泰生物
873001,纬达光电
300420,五洋停车
300116,保力新
002167,东方锆业
002092,中泰化学
000564,ST大集
300019,硅宝科技
603696,安记食品
601702,华峰铝业
000548,湖南投资
600386,北巴传媒
000566,海南海药
301169,零点有数
688561,奇安信-U
000520,凤凰航运
300607,拓斯达
002602,世纪华通
300532,今天国际
600476,湘邮科技
300636,同和药业
603214,爱婴室
300257,开山股份
600422,昆药集团
002109,兴化股份
600271,航天信息
000901,航天科技
603578,三星新材
603182,嘉华股份
002462,嘉事堂
000652,泰达股份
002903,宇环数控
002709,天赐材料
300113,顺网科技
001258,立新能源
301116,益客食品
002222,福晶科技
688008,澜起科技
301337,亚华电子
300411,金盾股份
603778,国晟科技
002025,航天电器
300967,晓鸣股份
002413,雷科防务
300296,利亚德
301373,凌玮科技
000519,中兵红箭
300359,全通教育
000547,航天发展
300196,长海股份
002786,银宝山新
688269,凯立新材
603021,山东华鹏
600728,佳都科技
600569,安阳钢铁
300576,容大感光
300638,广和通
601778,晶科科技
300294,博雅生物
605339,南侨食品
603299,苏盐井神
002472,双环传动
002942,新农股份
600882,妙可蓝多
301232,飞沃科技
832023,田野股份
300225,金力泰
603010,万盛股份
002957,科瑞技术
688581,安杰思
300785,值得买
002745,木林森
603861,白云电器
000627,天茂集团
002229,鸿博股份
300666,江丰电子
601116,三江购物
600730,中国高科
600410,华胜天成
301261,恒工精密
688251,井松智能
300705,九典制药
600525,长园集团
300033,同花顺
002515,金字火腿
002384,东山精密
000619,海螺新材
002079,苏州固锝
603936,博敏电子
688623,双元科技
301371,敷尔佳
833230,欧康医药
002135,东南网架
603689,皖天然气
300189,神农科技
002628,成都路桥
002208,合肥城建
600850,电科数字
002956,西麦食品
603486,科沃斯
002292,奥飞娱乐
002460,赣锋锂业
600790,轻纺城
002023,海特高新
002005,ST德豪
603197,保隆科技
002553,南方精工
000155,川能动力
688186,广大特材
605086,龙高股份
688515,裕太微-U
002330,得利斯
000404,长虹华意
688428,诺诚健华-U
603659,璞泰来
002674,兴业科技
000622,恒立实业
838275,驱动力
603639,海利尔
000419,通程控股
688489,三未信安
300008,天海防务
600510,黑牡丹
000829,天音控股
600881,亚泰集团
300988,津荣天宇
600185,格力地产
300693,盛弘股份
603209,兴通股份
301185,鸥玛软件
002582,好想你
600955,维远股份
000801,四川九洲
002873,新天药业
603020,爱普股份
600493,凤竹纺织
300087,荃银高科
002097,山河智能
603305,旭升集团
301418,协昌科技
300510,金冠股份
600883,博闻科技
600877,电科芯片
002418,康盛股份
300973,立高食品
002660,茂硕电源
002489,浙江永强
002982,湘佳股份
603733,仙鹤股份
002393,力生制药
600984,建设机械
600186,莲花健康
301393,昊帆生物
600195,中牧股份
002995,天地在线
002269,美邦服饰
600789,鲁抗医药
600682,南京新百
603280,南方路机
603190,亚通精工
300525,博思软件
830879,基康仪器
688072,拓荆科技
001339,智微智能
002273,水晶光电
688665,四方光电
300383,光环新网
002038,双鹭药业
603716,塞力医疗
601616,广电电气
002306,中科云网
000597,东北制药
300035,中科电气
600857,宁波中百
600929,雪天盐业
002492,恒基达鑫
603766,隆鑫通用
300904,威力传动
002641,公元股份
832175,东方碳素
600880,博瑞传播
300182,捷成股份
603650,彤程新材
601975,招商南油
002938,鹏鼎控股
300702,天宇股份
300723,一品红
300032,金龙机电
600580,卧龙电驱
688599,天合光能
601028,玉龙股份
688390,固德威
301149,隆华新材
002024,ST易购
000885,城发环境
600526,菲达环保
002565,顺灏股份
000989,九 芝 堂
300357,我武生物
000681,视觉中国
002634,棒杰股份
600861,北京人力
301512,智信精密
000050,深天马Ａ
002404,嘉欣丝绸
603366,日出东方
300284,苏交科
002757,南兴股份
603586,金麒麟
300983,尤安设计
688235,百济神州-U
601138,工业富联
300567,精测电子
603023,威帝股份
300194,福安药业
301090,华润材料
600764,中国海防
603322,超讯通信
603836,海程邦达
002916,深南电路
601677,明泰铝业
600500,中化国际
000691,亚太实业
000727,冠捷科技
000422,湖北宜化
301335,天元宠物
300351,永贵电器
000852,石化机械
833781,瑞奇智造
002060,粤 水 电
300390,天华新能
603530,神马电力
002137,实益达
600610,中毅达
838924,广脉科技
001332,锡装股份
003005,竞业达
300568,星源材质
600653,申华控股
000752,*ST西发
300025,华星创业
688677,海泰新光
600211,西藏药业
603208,江山欧派
300451,创业慧康
000919,金陵药业
300961,深水海纳
002254,泰和新材
603679,华体科技
603008,喜临门
600249,两面针
000962,东方钽业
301289,国缆检测
839719,宁新新材
600966,博汇纸业
603776,永安行
300086,康芝药业
000407,胜利股份
002240,盛新锂能
600588,用友网络
600222,太龙药业
600654,ST中安
002713,东易日盛
600458,时代新材
300179,四方达
002664,信质集团
600869,远东股份
688531,日联科技
300993,玉马遮阳
603067,振华股份
300376,易事特
002389,航天彩虹
688211,中科微至
000426,兴业银锡
300054,鼎龙股份
001207,联科科技
002163,海南发展
600866,星湖科技
301301,川宁生物
300895,铜牛信息
600199,金种子酒
300041,回天新材
000005,ST星源
603039,泛微网络
603690,至纯科技
835179,凯德石英
605333,沪光股份
002130,沃尔核材
002347,泰尔股份
603360,百傲化学
600758,辽宁能源
300622,博士眼镜
873339,恒太照明
000608,阳光股份
600776,东方通信
600742,一汽富维
002265,建设工业
002287,奇正藏药
300416,苏试试验
000882,华联股份
001282,三联锻造
601369,陕鼓动力
600693,东百集团
300310,宜通世纪
600299,安迪苏
603810,丰山集团
870357,雅葆轩
300611,美力科技
601886,江河集团
300467,迅游科技
600815,厦工股份
002495,佳隆股份
600615,丰华股份
688516,奥特维
002607,中公教育
603098,森特股份
000599,青岛双星
300061,旗天科技
000722,湖南发展
300003,乐普医疗
002682,龙洲股份
601121,宝地矿业
000707,双环科技
002080,中材科技
688002,睿创微纳
688105,诺唯赞
002955,鸿合科技
688456,有研粉材
002451,摩恩电气
000868,安凯客车
000816,智慧农业
603165,荣晟环保
301048,金鹰重工
688722,同益中
603325,博隆技术
002687,乔治白
002258,利尔化学
300747,锐科激光
000516,国际医学
600310,广西能源
300657,弘信电子
000705,浙江震元
301419,阿莱德
000629,钒钛股份
301083,百胜智能
002552,宝鼎科技
603096,新经典
600967,内蒙一机
002506,协鑫集成
301259,艾布鲁
605588,冠石科技
002011,盾安环境
688326,经纬恒润-W
603588,高能环境
300978,东箭科技
688551,科威尔
603218,日月股份
002051,中工国际
600527,江南高纤
000812,陕西金叶
688559,海目星
002479,富春环保
688658,悦康药业
300601,康泰生物
601969,海南矿业
831768,拾比佰
002149,西部材料
002432,九安医疗
605289,罗曼股份
002231,奥维通信
000960,锡业股份
603217,元利科技
601689,拓普集团
002351,漫步者
600477,杭萧钢构
301439,泓淋电力
688602,康鹏科技
600327,大东方
605158,华达新材
002484,江海股份
600468,百利电气
003010,若羽臣
600372,中航机载
300203,聚光科技
002045,国光电器
600853,龙建股份
000521,长虹美菱
300778,新城市
688580,伟思医疗
603125,常青科技
002862,实丰文化
600860,京城股份
300805,电声股份
002091,江苏国泰
002204,大连重工
300180,华峰超纤
002098,浔兴股份
600449,宁夏建材
002899,英派斯
603677,奇精机械
688059,华锐精密
002180,纳思达
300079,数码视讯
600378,昊华科技
600579,克劳斯
002374,中锐股份
688180,君实生物-U
603729,龙韵股份
600602,云赛智联
300792,壹网壹创
600256,广汇能源
600973,宝胜股份
002121,科陆电子
688244,永信至诚
301129,瑞纳智能
688525,佰维存储
002184,海得控制
000785,居然之家
300228,富瑞特装
688505,复旦张江
300772,运达股份
000697,*ST炼石
688091,上海谊众
688057,金达莱
603956,威派格
603281,江瀚新材
300685,艾德生物
002431,棕榈股份
002089,*ST新海
000541,佛山照明
002975,博杰股份
688578,艾力斯
603097,江苏华辰
603003,龙宇股份
600371,万向德农
300115,长盈精密
300171,东富龙
300193,佳士科技
000626,远大控股
300285,国瓷材料
603577,汇金通
300769,德方纳米
600664,哈药股份
600570,恒生电子
300135,宝利国际
688192,迪哲医药-U
002316,亚联发展
600996,贵广网络
002443,金洲管道
834639,晨光电缆
300634,彩讯股份
600079,人福医药
000837,秦川机床
688556,高测股份
300819,聚杰微纤
000793,华闻集团
605060,联德股份
002206,海 利 得
002779,中坚科技
300782,卓胜微
301087,可孚医疗
300583,赛托生物
300375,鹏翎股份
300369,绿盟科技
002734,利民股份
000659,珠海中富
000035,中国天楹
836942,恒立钻具
603168,莎普爱思
300476,胜宏科技
603927,中科软
300119,瑞普生物
002547,春兴精工
600678,四川金顶
301003,江苏博云
002065,东华软件
300253,卫宁健康
688113,联测科技
601808,中海油服
300947,德必集团
002219,新里程
835640,富士达
300306,远方信息
603739,蔚蓝生物
300170,汉得信息
000711,*ST京蓝
002428,云南锗业
300545,联得装备
300434,金石亚药
300258,精锻科技
002124,天邦食品
688352,颀中科技
002395,双象股份
002191,劲嘉股份
300142,沃森生物
002689,远大智能
301468,博盈特焊
688139,海尔生物
600329,达仁堂
300608,思特奇
002763,汇洁股份
300291,百纳千成
605056,咸亨国际
000153,丰原药业
002015,协鑫能科
301278,快可电子
688379,华光新材
000887,中鼎股份
688518,联赢激光
002646,天佑德酒
600705,中航产融
600180,瑞茂通
301207,华兰疫苗
002426,胜利精密
002403,爱仕达
002771,真视通
002021,*ST中捷
000416,*ST民控
600230,沧州大化
002901,大博医疗
000677,恒天海龙
002649,博彦科技
001338,永顺泰
300552,万集科技
603324,盛剑环境
301355,南王科技
603898,好莱客
002616,长青集团
600101,明星电力
300612,宣亚国际
002612,朗姿股份
688257,新锐股份
834682,球冠电缆
600983,惠而浦
600540,新赛股份
002699,*ST美盛
002433,*ST太安
002322,理工能科
002281,光迅科技
002132,恒星科技
002090,金智科技
000988,华工科技
000413,东旭光电
603693,江苏新能
688690,纳微科技
002185,华天科技
002819,东方中科
688003,天准科技
002408,齐翔腾达
300075,数字政通
000936,华西股份
002653,海思科
688496,清越科技
002171,楚江新材
002722,物产金轮
600939,重庆建工
600183,生益科技
002407,多氟多
300530,领湃科技
600283,钱江水利
002993,奥海科技
839946,华阳变速
002335,科华数据
002398,垒知集团
300201,海伦哲
836892,广咨国际
300946,恒而达
301313,凡拓数创
002442,龙星化工
002491,通鼎互联
300751,迈为股份
600152,维科技术
002733,雄韬股份
688370,丛麟科技
002932,明德生物
603283,赛腾股份
000021,深科技
688025,杰普特
838171,邦德股份
603378,亚士创能
600783,鲁信创投
688167,炬光科技
000928,中钢国际
688350,富淼科技
300511,雪榕生物
002535,林州重机
000976,ST华铁
603737,三棵树
600095,湘财股份
300073,当升科技
600773,西藏城投
300287,飞利信
300280,紫天科技
600070,ST富润
688225,亚信安全
300026,红日药业
002669,康达新材
603228,景旺电子
000831,中国稀土
603929,亚翔集成
601002,晋亿实业
600193,创兴资源
300674,宇信科技
600601,方正科技
002933,新兴装备
002743,富煌钢构
002309,ST中利
000782,美达股份
300322,硕贝德
002917,金奥博
688318,财富趋势
300506,名家汇
300266,兴源环境
002381,双箭股份
001311,多利科技
688082,盛美上海
002373,千方科技
002111,威海广泰
838402,硅烷科技
603079,圣达生物
600667,太极实业
002145,中核钛白
002929,润建股份
000070,特发信息
002805,丰元股份
688172,燕东微
603117,ST万林
600699,均胜电子
002813,路畅科技
836717,瑞星股份
000980,众泰汽车
600200,江苏吴中
001378,德冠新材
300151,昌红科技
600486,扬农化工
600733,北汽蓝谷
603661,恒林股份
600589,*ST榕泰
600279,重庆港
002277,友阿股份
688035,德邦科技
300483,首华燃气
603985,恒润股份
002317,众生药业
301188,力诺特玻
000078,海王生物
605366,宏柏新材
603387,基蛋生物
001225,和泰机电
301106,骏成科技
688333,铂力特
300382,斯莱克
603286,日盈电子
688459,哈铁科技
600336,澳柯玛
002340,格林美
603075,热威股份
603110,东方材料
601065,江盐集团
300128,锦富技术
300080,易成新能
301515,港通医疗
300911,亿田智能
301177,迪阿股份
600810,神马股份
002638,勤上股份
002075,沙钢股份
600391,航发科技
603686,福龙马
603169,兰石重装
000551,创元科技
600262,北方股份
603918,金桥信息
300475,香农芯创
002671,龙泉股份
300542,新晨科技
600112,ST天成
600804,ST鹏博士
002661,克明食品
603001,ST奥康
301091,深城交
002850,科达利
002678,珠江钢琴
002803,吉宏股份
603290,斯达半导
603915,国茂股份
600469,风神股份
002502,ST鼎龙
002256,兆新股份
002052,ST同洲
301487,盟固利
002289,ST宇顺
000815,美利云
002008,大族激光
300131,英唐智控
001301,尚太科技
300691,联合光电
603557,ST起步
300937,药易购
603926,铁流股份
600512,腾达建设
300097,智云股份
688005,容百科技
300204,舒泰神
688017,绿的谐波
300230,永利股份
688368,晶丰明源
300577,开润股份
603282,亚光股份
000701,厦门信达
600435,北方导航
002390,信邦制药
002087,*ST新纺
000669,ST金鸿
000016,深康佳Ａ
688660,电气风电
300773,拉卡拉
003020,立方制药
300680,隆盛科技
300261,雅本化学
003033,征和工业
603160,汇顶科技
600117,*ST西钢
002312,川发龙蟒
000525,ST红太阳
833575,康乐卫士
300834,星辉环材
002935,天奥电子
603196,日播时尚
002666,德联集团
002239,奥特佳
603133,*ST碳元
000531,穗恒运Ａ
688305,科德数控
688717,艾罗能源
600481,双良节能
688529,豪森智能
002685,华东重机
601022,宁波远洋
300158,振东制药
603986,兆易创新
300679,电连技术
000810,创维数字
000925,众合科技
002162,悦心健康
600228,返利科技
603162,海通发展
603567,珍宝岛
600078,ST澄星
603880,ST南卫
600671,*ST目药
600960,渤海汽车
000615,*ST美谷
601956,东贝集团
002581,未名医药
600711,盛屯矿业
002808,ST恒久
002658,雪迪龙
002200,ST交投
000632,三木集团
301559,中集环科
601999,出版传媒
300423,N辉科技
002412,汉森制药
000584,ST工智
603713,密尔克卫
600392,盛和资源
002578,闽发铝业
600594,益佰制药
300160,秀强股份
301353,普莱得
600535,天士力
300127,银河磁体
300597,吉大通信
600136,*ST明诚
003003,天元股份
002815,崇达技术
601609,金田股份
300241,瑞丰光电
002546,新联电子
002276,万马股份
603848,好太太
002800,ST天顺
603660,苏州科达
603866,桃李面包
002583,海能达
300537,广信材料
600206,有研新材
300111,向日葵
301408,华人健康
002537,海联金汇
000833,粤桂股份
300810,中科海讯
603296,华勤技术
002889,东方嘉盛
300043,星辉娱乐
002569,ST步森
835985,海泰新能
603559,ST通脉
002545,东方铁塔
301246,宏源药业
300110,华仁药业
002822,中装建设
603708,家家悦
300293,蓝英装备
301302,华如科技
300162,雷曼光电
300288,朗玛信息
002530,金财互联
688165,埃夫特-U
603213,镇洋发展
001298,好上好
688799,华纳药厂
605222,起帆电缆
600543,*ST莫高
600396,*ST金山
600370,三房巷
300534,陇神戎发
300088,长信科技
300007,汉威科技
002816,*ST和科
002592,ST八菱
002586,*ST围海
002496,辉丰股份
002073,软控股份
000620,*ST新联
603087,甘李药业
300697,电工合金
000710,贝瑞基因
871694,中裕科技
688403,汇成股份
301205,联特科技
600721,百花医药
600387,ST海越
001278,一彬科技
000969,安泰科技
688291,金橙子
002742,ST三圣
688337,普源精电
603106,恒银科技
603220,中贝通信
688568,中科星图
301069,凯盛新材
301047,义翘神州
600361,创新新材
301348,蓝箭电子
000889,ST中嘉
002402,和而泰
002593,日上集团
603488,展鹏科技
002951,ST金时
300290,荣科科技
688109,品茗科技
603507,振江股份
002453,华软科技
002483,润邦股份
300595,欧普康视
603698,航天工程
600599,ST熊猫
600647,*ST同达
000518,四环生物
300495,*ST美尚
300395,菲利华
688535,华海诚科
603007,ST花王
300311,任子行
600734,ST实达
688311,盟升电子
603817,海峡环保
603303,得邦照明
600491,龙元建设
002466,天齐锂业
002112,三变科技
000573,粤宏远Ａ
600963,岳阳林纸
300004,南风股份
833533,骏创科技
002976,瑞玛精密
600794,保税科技
001228,永泰运
300095,华伍股份
603616,韩建河山
002487,大金重工
600965,福成股份
300496,中科创达
002190,成飞集成
002485,ST雪发
300592,华凯易佰
301127,天源环保
300055,万邦达
002724,海洋王
688200,华峰测控
002990,盛视科技
000996,*ST中期
300809,华辰装备
300850,新强联
300541,先进数通
600763,通策医疗
688160,步科股份
002518,科士达
688132,邦彦技术
000909,ST数源
002034,旺能环境
301421,波长光电
300195,长荣股份
301309,万得凯
301187,欧圣电气
300184,力源信息
300136,信维通信
600834,申通地铁
301131,聚赛龙
600381,青海春天
002429,兆驰股份
688597,煜邦电力
002577,雷柏科技
603118,共进股份
603508,思维列控
601011,宝泰隆
300861,美畅股份
000796,*ST凯撒
601865,福莱特
300848,美瑞新材
603893,瑞芯微
603408,建霖家居
002104,恒宝股份
688499,利元亨
300034,钢研高纳
688432,有研硅
603333,尚纬股份
605118,力鼎光电
688157,松井股份
600731,湖南海利
300569,天能重工
000023,ST深天
600793,宜宾纸业
688246,嘉和美康
688248,南网科技
873593,鼎智科技
603380,易德龙
300313,*ST天山
002872,ST天圣
600537,亿晶光电
603610,麒盛科技
605299,舒华体育
002863,今飞凯达
002362,汉王科技
000692,*ST惠天
688539,高华科技
000637,ST实华
688382,益方生物-U
601089,福元医药
430017,星昊医药
300902,国安达
300173,福能东方
300703,创源股份
688502,茂莱光学
688052,纳芯微
603755,日辰股份
300765,新诺威
002251,*ST步高
603806,福斯特
600666,ST瑞德
000997,新 大 陆
002313,日海智能
301103,何氏眼科
603602,纵横通信
002893,京能热力
002686,亿利达
836263,中航泰达
688633,星球石墨
603938,三孚股份
600478,科力远
002564,*ST天沃
002144,宏达高科
002350,北京科锐
300446,航天智造
603680,今创集团
688579,山大地纬
603416,信捷电气
000567,海德股份
000032,深桑达Ａ
603030,*ST全筑
002315,焦点科技
000738,航发控制
300538,同益股份
603506,南都物业
002639,雪人股份
002550,千红制药
002573,清新环境
605286,同力日升
600259,广晟有色
002782,可立克
300267,尔康制药
300082,奥克股份
002721,*ST金一
002644,佛慈制药
002175,东方智造
301272,英华特
603787,新日股份
002875,安奈儿
600898,ST美讯
002574,明牌珠宝
000421,南京公用
002380,科远智慧
688260,昀冢科技
002095,生 意 宝
600530,ST交昂
600168,武汉控股
301256,华融化学
002825,纳尔股份
000603,盛达资源
000788,北大医药
002280,联络互动
000553,安道麦A
605081,太和水
002861,瀛通通讯
002282,博深股份
300658,延江股份
001209,洪兴股份
301223,中荣股份
300303,聚飞光电
002967,广电计量
301028,东亚机械
000913,钱江摩托
301123,奕东电子
000062,深圳华强
601777,力帆科技
600403,大有能源
688737,中自科技
603275,众辰科技
600506,统一股份
834014,特瑞斯
002514,宝馨科技
002248,华东数控
301332,德尔玛
002631,德尔未来
002337,赛象科技
300732,设研院
002692,远程股份
688720,艾森股份
002625,光启技术
002759,天际股份
300741,华宝股份
300140,节能环境
603232,格尔软件
300020,银江技术
603216,梦天家居
834261,一诺威
301055,张小泉
300875,捷强装备
603811,诚意药业
603580,艾艾精工
000949,新乡化纤
600829,人民同泰
600227,赤天化
002249,大洋电机
603636,南威软件
000546,金圆股份
600495,晋西车轴
300139,晓程科技
605488,福莱新材
300388,节能国祯
300919,中伟股份
603730,岱美股份
600439,瑞贝卡
600289,ST信通
002328,新朋股份
002866,传艺科技
300085,银之杰
000655,金岭矿业
300949,奥雅股份
688007,光峰科技
600927,永安期货
603551,奥普家居
600460,士兰微
603967,中创物流
603555,ST贵人
002945,华林证券
688680,海优新材
300463,迈克生物
300842,帝科股份
603239,浙江仙通
605133,嵘泰股份
301267,华厦眼科
301076,新瀚新材
301263,泰恩康
003037,三和管桩
688210,统联精密
301216,万凯新材
603501,韦尔股份
002026,山东威达
300168,万达信息
300143,盈康生命
301303,真兰仪表
001317,三羊马
300044,赛为智能
002365,永安药业
300620,光库科技
002657,中科金财
003006,百亚股份
002049,紫光国微
301329,信音电子
300047,天源迪科
000663,永安林业
301110,青木股份
301088,戎美股份
600769,祥龙电业
002358,森源电气
603115,海星股份
603297,永新光学
603822,嘉澳环保
603992,松霖科技
688229,博睿数据
000700,模塑科技
002554,惠博普
301558,三态股份
301488,豪恩汽电
300588,熙菱信息
003015,日久光电
002172,澳洋健康
603015,弘讯科技
837092,汉鑫科技
688300,联瑞新材
300572,安车检测
002427,尤夫股份
603916,苏博特
300343,联创股份
002469,三维化学
688141,杰华特
002539,云图控股
603060,国检集团
603662,柯力传感
688385,复旦微电
600745,闻泰科技
301520,万邦医药
601199,江南水务
600567,山鹰国际
600105,永鼎股份
300482,万孚生物
002890,弘宇股份
002357,富临运业
002296,辉煌科技
000981,山子股份
000530,冰山冷热
000056,皇庭国际
301333,诺思格
002858,力盛体育
688566,吉贝尔
002968,新大正
301179,泽宇智能
300718,长盛轴承
603113,金能科技
605123,派克新材
300245,天玑科技
300387,富邦股份
688409,富创精密
603193,润本股份
002355,兴民智通
002613,北玻股份
002498,汉缆股份
002787,华源控股
300316,晶盛机电
300604,长川科技
603111,康尼机电
600819,耀皮玻璃
688061,灿瑞科技
300198,纳川股份
872808,曙光数创
000881,中广核技
301287,康力源
688317,之江生物
603399,吉翔股份
301533,威马农机
002197,证通电子
835184,国源科技
601368,绿城水务
688608,恒玄科技
603109,神驰机电
301372,科净源
300559,佳发教育
300428,立中集团
000554,泰山石油
603527,众源新材
002151,北斗星通
600616,金枫酒业
600400,红豆股份
300021,大禹节水
003031,中瓷电子
605122,四方新材
688045,必易微
301489,思泉新材
003039,顺控发展
002370,亚太药业
300221,银禧科技
300161,华中数控
002879,长缆科技
301503,智迪科技
300686,智动力
300683,海特生物
000670,盈方微
603980,吉华集团
301291,明阳电气
002022,科华生物
688353,华盛锂电
300878,维康药业
300071,福石控股
300050,世纪鼎利
002566,益盛药业
300707,威唐工业
603036,如通股份
300229,拓尔思
603601,再升科技
002225,濮耐股份
002414,高德红外
603328,依顿电子
688486,龙迅股份
000537,中绿电
300580,贝斯特
300682,朗新集团
605100,华丰股份
002865,钧达股份
300443,金雷股份
600557,康缘药业
301120,新特电气
688287,观典防务
002176,江特电机
001330,博纳影业
603987,康德莱
002696,百洋股份
002449,国星光电
688175,高凌信息
002378,章源钨业
832978,开特股份
002264,新 华 都
603353,和顺石油
002139,拓邦股份
003013,地铁设计
603185,弘元绿能
837242,建邦科技
000990,诚志股份
003023,彩虹集团
002298,中电兴发
601279,英利汽车
300659,中孚信息
603348,文灿股份
300660,江苏雷利
002017,东信和平
600444,国机通用
688567,孚能科技
002864,盘龙药业
300959,线上线下
301052,果麦文化
002161,远 望 谷
300352,北信源
002441,众业达
002762,金发拉比
688277,天智航-U
002169,智光电气
301320,豪江智能
603823,百合花
301366,一博科技
002366,融发核电
603070,万控智造
603585,苏利股份
603626,科森科技
002510,天汽模
688536,思瑞浦
000034,神州数码
832566,梓H宫
600626,申达股份
000712,锦龙股份
301306,西测测试
688458,美芯晟
603258,电魂网络
600826,兰生股份
300616,尚品宅配
000733,振华科技
600796,钱江生化
688297,中无人机
300439,美康生物
600854,春兰股份
300051,琏升科技
300458,全志科技
300570,太辰光
002160,常铝股份
600851,海欣股份
603172,万丰股份
832885,星辰科技
002998,优彩资源
301102,兆讯传媒
003029,吉大正元
002829,星网宇达
002755,奥赛康
688562,航天软件
600051,宁波联合
002211,宏达新材
688106,金宏气体
603037,凯众股份
605167,利柏特
000880,潍柴重机
300123,亚光科技
002848,高斯贝尔
002153,石基信息
002102,冠福股份
300527,中船应急
000004,国华网安
002490,山东墨龙
301307,美利信
600818,中路股份
300493,润欣科技
603178,圣龙股份
600126,杭钢股份
605500,森林包装
300881,盛德鑫泰
002332,仙琚制药
603375,盛景微
300368,汇金股份
688512,慧智微-U
603869,新智认知
600148,长春一东
300486,东杰智能
300430,诚益通
002979,雷赛智能
000628,高新发展
603612,索通发展
600698,湖南天雁
688343,云天励飞-U
300581,晨曦航空
301042,安联锐视
002695,煌上煌
300062,中能电气
002877,智能自控
002207,准油股份
600032,浙江新能
603377,东方时尚
605077,华康股份
300824,北鼎股份
688609,九联科技
600621,华鑫股份
600765,中航重机
600130,波导股份
002908,德生科技
301215,中汽股份
002827,高争民爆
000836,富通信息
300223,北京君正
833943,优机股份
300474,景嘉微
002446,盛路通信
603048,浙江黎明
002361,神剑股份
688558,国盛智科
301112,信邦智能
000822,山东海化
600278,东方创业
002399,海普瑞
000555,神州信息
300244,迪安诊断
001306,夏厦精密
688189,南新制药
603920,世运电路
603158,腾龙股份
600844,丹化科技
600172,黄河旋风
301365,矩阵股份
002228,合兴包装
603080,新疆火炬
300269,联建光电
300456,赛微电子
600128,苏豪弘业
603238,诺邦股份
688357,建龙微纳
300841,康华生物
688543,国科军工
300642,透景生命
002209,达 意 隆
002348,高乐股份
688448,磁谷科技
300399,天利科技
002651,利君股份
300675,建科院
300235,方直科技
603206,嘉环科技
603002,宏昌电子
605555,德昌股份
600100,同方股份
600595,中孚实业
300259,新天科技
002255,海陆重工
001234,泰慕士
300632,光莆股份
300249,依米康
300355,蒙草生态
002562,兄弟科技
301017,漱玉平民
300320,海达股份
300768,迪普科技
002913,奥士康
603613,国联股份
603633,徕木股份
300711,广哈通信
603535,嘉诚国际
600617,国新能源
600292,远达环保
831832,科达自控
301121,紫建电子
300762,上海瀚讯
603307,扬州金泉
688429,时创能源
830964,润农节水
688779,长远锂科
603086,先达股份
301168,通灵股份
688213,思特威-W
300879,大叶股份
688439,振华风光
002876,三利谱
000957,中通客车
002821,凯莱英
000159,国际实业
600990,四创电子
301101,明月镜片
002497,雅化集团
603085,天成自控
600892,大晟文化
600613,神奇制药
002987,京北方
000030,富奥股份
688232,新点软件
600135,乐凯胶片
002170,芭田股份
688389,普门科技
301277,新天地
301377,鼎泰高科
300838,浙江力诺
300561,汇金科技
300687,赛意信息
688197,首药控股-U
603701,德宏股份
603183,建研院
300852,四会富仕
600884,杉杉股份
600408,安泰集团
600587,新华医疗
688565,力源科技
605111,新洁能
001328,登康口腔
301276,嘉曼服饰
603797,联泰环保
603187,海容冷链
300378,鼎捷软件
002421,达实智能
000813,德展健康
688015,交控科技
688800,瑞可达
300163,先锋新材
000049,德赛电池
300366,创意信息
603222,济民医疗
830779,武汉蓝电
003041,真爱美家
300565,科信技术
002906,华阳集团
603789,星光农机
002369,卓翼科技
300513,恒实科技
301316,慧博云通
300040,九洲集团
833914,远航精密
002824,和胜股份
300803,指南针
002391,长青股份
688606,奥泰生物
600335,国机汽车
688338,赛科希德
002725,跃岭股份
301089,拓新药业
301358,湖南裕能
605180,华生科技
601388,怡球资源
600805,悦达投资
301018,申菱环境
000795,英洛华
603355,莱克电气
688273,麦澜德
000688,国城矿业
300468,四方精创
000576,甘化科工
002642,荣联科技
000970,中科三环
000920,沃顿科技
603062,麦加芯彩
600389,江山股份
002409,雅克科技
003019,宸展光电
300563,神宇股份
603017,中衡设计
688207,格灵深瞳
600718,东软集团
603339,四方科技
688037,芯源微
603758,秦安股份
300512,中亚股份
300370,安控科技
002465,海格通信
002125,湘潭电化
002375,亚厦股份
002448,中原内配
300579,数字认证
002591,恒大高新
300953,震裕科技
605378,野马电池
000811,冰轮环境
002334,英威腾
688369,致远互联
600797,浙大网新
002735,王子新材
001896,豫能控股
688308,欧科亿
300422,博世科
600281,华阳新材
300314,戴维医疗
300337,银邦股份
000545,金浦钛业
301213,观想科技
002980,华盛昌
601798,蓝科高新
002923,润都股份
002752,N兴股份
300690,双一科技
600784,鲁银投资
300637,扬帆新材
000607,华媒控股
301265,华新环保
300939,秋田微
601133,柏诚股份
000158,常山北明
301111,粤万年青
830839,万通液压
301050,雷电微力
688080,映翰通
603617,君禾股份
688788,科思科技
300756,金马游乐
002324,普利特
002278,神开股份
300589,江龙船艇
603311,金海高科
002164,宁波东力
688068,热景生物
300645,正元智慧
301166,优宁维
002795,永和智控
000698,沈阳化工
601869,长飞光纤
300307,慈星股份
300557,理工光科
837663,明阳科技
600163,中闽能源
300132,青松股份
300815,玉禾田
688479,友车科技
300547,川环科技
300248,新开普
688521,芯原股份
688375,国博电子
301257,普蕊斯
603390,通达电气
002140,东华科技
301370,国科恒泰
300277,海联讯
300206,理邦仪器
300989,蕾奥规划
002106,莱宝高科
002301,齐心集团
603706,东方环宇
603520,司太立
000639,西王食品
002698,博实股份
688657,浩辰软件
600475,华光环能
688176,亚虹医药-U
603903,中持股份
300083,创世纪
000838,财信发展
300404,博济医药
688111,金山办公
600841,动力新科
000953,河化股份
002261,拓维信息
002068,黑猫股份
001314,亿道信息
603937,丽岛新材
301198,喜悦智行
301349,信德新材
300986,志特新材
003032,传智教育
300448,浩云科技
002665,首航高科
002626,金达威
603321,梅轮电梯
000753,漳州发展
603073,彩蝶实业
002513,蓝丰生化
603949,雪龙集团
603908,牧高笛
688023,安恒信息
002748,世龙实业
300321,同大股份
002792,通宇通讯
300709,精研科技
301000,肇民科技
002610,爱康科技
002247,聚力文化
301238,瑞泰新材
600756,浪潮软件
002165,红 宝 丽
300566,激智科技
688509,正元地信
002474,榕基软件
000757,浩物股份
600668,尖峰集团
300134,大富科技
301036,双乐股份
300551,古鳌科技
603496,恒为科技
001218,丽臣实业
002598,山东章鼓
603726,朗迪集团
300172,中电环保
600539,狮头股份
300011,鼎汉技术
688661,和林微纳
600774,汉商集团
688129,东来技术
688060,云涌科技
300067,安诺其
002560,通达股份
003018,金富科技
300298,三诺生物
688161,威高骨科
301183,东田微
002753,永东股份
601606,长城军工
300738,奥飞数据
002392,北京利尔
605155,西大门
603026,胜华新材
605336,帅丰电器
603188,亚邦股份
605399,晨光新材
301511,德福科技
002731,萃华珠宝
301510,固高科技
688426,康为世纪
300212,易华录
301125,腾亚精工
002885,京泉华
600561,江西长运
300872,天阳科技
688563,航材股份
301296,新巨丰
300107,建新股份
688011,新光光电
605358,立昂微
002549,凯美特气
603728,鸣志电器
300892,品渥食品
301288,清研环境
688083,中望软件
300409,道氏技术
002796,世嘉科技
603876,鼎胜新材
600156,华升股份
603132,金徽股份
000903,云内动力
300349,金卡智能
000799,酒鬼酒
300775,三角防务
300348,长亮科技
300623,捷捷微电
688073,毕得医药
603500,祥和实业
002708,光洋股份
301019,宁波色母
300630,普利制药
600463,空港股份
002622,皓宸医疗
603628,清源股份
300722,新余国科
688115,思林杰
600802,福建水泥
002630,华西能源
300936,中英科技
688261,东微半导
301268,铭利达
605088,冠盛股份
600223,福瑞达
002410,广联达
688151,华强科技
300726,宏达电子
300519,新光药业
603839,安正时尚
688027,国盾量子
300213,佳讯飞鸿
002283,天润工业
000010,美丽生态
001223,欧克科技
301323,新莱福
688376,美埃科技
600080,金花股份
002778,中晟高科
605169,洪通燃气
300424,航新科技
002218,拓日新能
831175,派诺科技
002888,惠威科技
600590,泰豪科技
300970,华绿生物
600288,大恒科技
600099,林海股份
688010,福光股份
002688,金河生物
000912,泸天化
300556,丝路视觉
300951,博硕科技
688166,博瑞医药
300344,立方数科
002189,中光学
300776,帝尔激光
600360,华微电子
003022,联泓新科
001230,劲旅环境
603917,合力科技
603006,联明股份
002868,绿康生化
000633,合金投资
301150,中一科技
301211,亨迪药业
300169,天晟新材
688768,容知日新
603004,鼎龙科技
300100,双林股份
002056,横店东磁
603013,亚普股份
002921,联诚精密
002806,华锋股份
300441,鲍斯股份
688612,威迈斯
301280,珠城科技
871857,泓禧科技
688100,威胜信息
600513,联环药业
002069,獐子岛
002103,广博股份
002101,广东鸿图
000762,西藏矿业
688090,瑞松科技
002950,奥美医疗
300966,共同药业
000040,东旭蓝天
688309,恒誉环保
300289,利德曼
300713,英可瑞
688577,浙海德曼
301525,儒竞科技
002193,如意集团
430418,苏轴股份
301181,标榜股份
300455,航天智装
603063,禾望电气
300835,龙磁科技
688485,九州一轨
002062,宏润建设
688247,宣泰医药
688206,概伦电子
301086,鸿富瀚
603759,海天股份
300211,亿通科技
301361,众智科技
301507,民生健康
837748,路桥信息
688345,博力威
002675,东诚药业
000790,华神科技
300894,火星人
605198,安德利
002853,皮阿诺
002363,隆基机械
688283,坤恒顺维
603078,江化微
300787,海能实业
600980,北矿科技
688238,和元生物
688102,斯瑞新材
600203,福日电子
600110,诺德股份
301290,东星医疗
002668,奥马电器
002076,星光股份
688193,仁度生物
301518,长华化学
688191,智洋创新
301381,赛维时代
300846,首都在线
603327,福蓉科技
301555,惠柏新材
001205,盛航股份
872541,铁大科技
000593,德龙汇能
300238,冠昊生物
300350,华鹏飞
001299,美能能源
300590,移为通信
601908,京运通
600571,信雅达
833394,民士达
688381,帝奥微
300613,富瀚微
834062,科润智控
603516,淳中科技
301260,格力博
300292,吴通控股
300250,初灵信息
300381,溢多利
300777,中简科技
002459,晶澳科技
430685,新芝生物
603272,联翔股份
688593,新相微
300164,通源石油
002522,浙江众成
002860,星帅尔
002802,洪汇新材
002584,西陇科学
300426,唐德影视
688209,英集芯
001296,长江材料
600416,湘电股份
605189,富春染织
300853,申昊科技
601083,锦江航运
002882,金龙羽
002360,同德化工
603219,富佳股份
688116,天奈科技
688033,天宜上佳
002828,贝肯能源
002728,特一药业
301225,恒勃股份
001206,依依股份
603711,香飘飘
603065,宿迁联盛
002965,祥鑫科技
300365,恒华科技
300272,开能健康
002396,星网锐捷
603950,长源东谷
002662,京威股份
300500,启迪设计
002997,瑞鹄模具
001217,华尔泰
301382,蜂助手
688148,芳源股份
603309,维力医疗
600876,凯盛新能
603161,科华控股
300672,国科微
002738,中矿资源
300018,中元股份
001324,长青科技
688533,上声电子
688121,卓然股份
301210,金杨股份
300996,普联软件
605011,杭州热电
301119,正强股份
300798,锦鸡股份
300149,睿智医药
688552,航天南湖
002912,中新赛克
688611,杭州柯林
002606,大连电瓷
300640,德艺文创
002556,辉隆股份
300684,中石科技
603948,建业股份
002364,中恒电气
300925,法本信息
600455,博通股份
605006,山东玻纤
688585,上纬新材
301163,宏德股份
688321,微芯生物
300243,瑞丰高材
300275,梅安森
603093,南华期货
600067,冠城大通
301077,星华新材
002107,沃华医药
300876,蒙泰高新
002693,双成药业
688107,安路科技
301446,福事特
871263,莱赛激光
833075,柏星龙
300105,龙源技术
688098,申联生物
301165,锐捷网络
001380,华纬科技
300971,博亚精工
832651,天罡股份
001331,胜通能源
300669,沪宁股份
600618,氯碱化工
688285,高铁电气
300101,振芯科技
301191,菲菱科思
301378,通达海
300332,天壕能源
688670,金迪克
688236,春立医疗
603456,九洲药业
002196,方正电机
688096,京源环保
000826,启迪环境
603906,龙蟠科技
603123,翠微股份
603055,台华新材
600235,民丰特纸
688259,创耀科技
300586,美联新材
600218,全柴动力
688367,工大高科
300295,三六五网
000859,国风新材
301113,雅艺科技
300730,科创信息
300036,超图软件
002454,松芝股份
600817,宇通重工
831278,泰德股份
600545,卓郎智能
300821,东岳硅材
300976,达瑞电子
300371,汇中股份
300155,安居宝
600302,标准股份
688419,耐科装备
603630,拉芳家化
000821,京山轻机
301255,通力科技
603291,联合水务
603383,顶点软件
000503,国新健康
300887,谱尼测试
835857,百甲科技
688335,复洁环保
300933,中辰股份
600645,中源协和
002346,柘中股份
300955,嘉亨家化
002886,沃特股份
603657,春光科技
300960,通业科技
002585,双星新材
300916,朗特智能
002115,三维通信
301429,森泰股份
688199,久日新材
002972,科安达
300347,泰格医药
603112,华翔股份
300324,旋极信息
605389,长龄液压
300191,潜能恒信
688292,浩瀚深度
603988,中电电机
301500,飞南资源
002009,天奇股份
301137,哈焊华通
688511,天微电子
301339,通行宝
688013,天臣医疗
603396,金辰股份
301318,维海德
688221,前沿生物-U
603138,海量数据
300501,海顺新材
000756,新华制药
301022,海泰科
300617,安靠智电
300606,金太阳
603803,瑞斯康达
002434,万里扬
872374,云里物里
301132,满坤科技
300464,星徽股份
000955,欣龙控股
300667,必创科技
300165,天瑞仪器
301007,德迈仕
300317,珈伟新能
000929,兰州黄河
600775,南京熊猫
300077,国民技术
301027,华蓝集团
300725,药石科技
002961,瑞达期货
688185,康希诺
300490,华自科技
688239,航宇科技
301217,铜冠铜箔
300816,艾可蓝
603983,丸美股份
688636,智明达
301151,冠龙节能
002036,联创电子
873527,夜光明
600596,新安股份
300651,金陵体育
002339,积成电子
688686,奥普特
300560,中富通
300466,赛摩智能
603121,华培动力
001313,粤海饲料
300584,海辰药业
300665,飞鹿股份
600523,贵航股份
002250,联化科技
300065,海兰信
600753,庚星股份
300752,隆利科技
001373,翔腾新材
300504,天邑股份
836807,奔朗新材
300183,东软载波
300763,锦浪科技
002676,顺威股份
002927,泰永长征
603566,普莱柯
301162,国能日新
688355,明志科技
301528,多浦乐
688230,芯导科技
300340,科恒股份
301321,翰博高新
300508,维宏股份
301023,江南奕帆
600184,光电股份
600155,华创云信
300548,博创科技
688231,隆达股份
300286,安科瑞
002540,亚太科技
002341,新纶新材
300948,冠中生态
301360,荣旗科技
601965,中国汽研
300076,GQY视讯
301283,聚胶股份
300920,润阳科技
430425,乐创技术
000636,风华高科
688031,星环科技-U
300318,博晖创新
300377,赢时胜
301032,新柴股份
300618,寒锐钴业
300839,博汇股份
000509,华塑控股
688498,源杰科技
300598,诚迈科技
603100,川仪股份
002342,巨力索具
688133,泰坦科技
300126,锐奇股份
300650,太龙股份
300333,兆日科技
603928,兴业股份
300540,蜀道装备
301002,崧盛股份
301486,致尚科技
301025,读客文化
300655,晶瑞电材
300432,富临精工
600488,津药药业
300945,曼卡龙
300429,强力新材
603203,快克智能
300331,苏大维格
688066,航天宏图
688047,龙芯中科
301156,美农生物
300092,科新机电
600113,浙江东日
688380,中微半导
688528,秦川物联
300855,图南股份
300153,科泰电源
600855,航天长峰
831370,新安洁
603790,雅运股份
300990,同飞股份
300968,格林精密
300260,新莱应材
600696,岩石股份
688598,金博股份
002516,旷达科技
603683,晶华新材
301117,佳缘科技
300883,龙利得
603912,佳力图
301499,维科精密
688435,英方软件
002436,兴森科技
688560,明冠新材
300857,协创数据
300922,天秦装备
300029,ST天龙
002953,日丰股份
002576,通达动力
301068,大地海洋
603301,振德医疗
300571,平治信息
300057,万顺新材
301548,崇德科技
301331,恩威医药
300327,中颖电子
300731,科创新源
300305,裕兴股份
002420,毅昌科技
870436,大地电气
002617,露笑科技
300681,英搏尔
688620,安凯微
300046,台基股份
600225,卓朗科技
300278,华昌达
300078,思创医惠
002988,豪美新材
002291,遥望科技
002119,康强电子
603615,茶花股份
300074,华平股份
688055,龙腾光电
300514,友讯达
688077,大地熊
002548,金新农
300227,光韵达
600241,时代万恒
002528,英飞拓
301013,利和兴
300745,欣锐科技
603989,艾华集团
600234,科新发展
301045,天禄科技
300647,超频三
300117,嘉寓股份
002947,恒铭达
002054,德美化工
000717,中南股份
000601,韶能股份
603667,五洲新春
002006,精工科技
000823,超声电子
300639,凯普生物
301159,三维天地
688131,皓元医药
688678,福立旺
300826,测绘股份
605199,葫芦娃
603108,润达医疗
603127,昭衍新药
301282,金禄电子
300790,宇瞳光学
600343,航天动力
836419,万德股份
002652,扬子新材
301126,达嘉维康
605066,天正电气
300981,中红医疗
301085,亚康股份
002329,皇氏集团
605003,众望布艺
300231,银信科技
301428,世纪恒通
002777,久远银海
000045,深纺织Ａ
603828,柯利达
301397,溯联股份
688510,航亚科技
688603,天承科技
300234,开尔新材
603022,新通联
688020,方邦股份
603608,天创时尚
300829,金丹科技
300380,安硕信息
688103,国力股份
301395,仁信新材
688622,禾信仪器
300147,香雪制药
300233,金城医药
301231,荣信文化
301305,朗坤环境
300706,阿石创
603201,常润股份
300066,三川智慧
002213,大为股份
688702,盛科通信-U
300712,永福股份
603028,赛福天
300830,金现代
002859,洁美科技
688222,成都先导
000565,渝三峡Ａ
000890,法尔胜
688687,凯因科技
688227,品高股份
002766,索菱股份
300484,蓝海华腾
688517,金冠电气
002290,禾盛新材
002122,汇洲智能
000638,万方发展
832522,纳科诺尔
300889,爱克股份
301026,浩通科技
600641,万业企业
300507,苏奥传感
688707,振华新材
603173,福斯达
002985,北摩高科
002992,宝明科技
300414,中光防雷
300346,南大光电
605398,新炬网络
688433,华曙高科
688286,敏芯股份
600714,金瑞矿业
688220,翱捷科技-U
603700,宁水集团
600083,博信股份
000612,焦作万方
002907,华森制药
688004,博汇科技
835305,云创数据
688618,三旺通信
301399,英特科技
002647,仁东控股
600744,华银电力
600651,飞乐音响
600345,长江通信
003038,鑫铂股份
688683,莱尔科技
300749,顶固集创
002057,中钢天源
000533,顺钠股份
002136,安 纳 达
688022,瀚川智能
300520,科大国创
301189,奥尼电子
002809,红墙股份
000695,滨海能源
002331,皖通科技
001255,博菲电气
603332,苏州龙杰
002922,伊戈尔
603306,华懋科技
688135,利扬芯片
301389,隆扬电子
688391,钜泉科技
600679,上海凤凰
301330,熵基科技
605287,德才股份
300913,兆龙互连
600470,六国化工
600644,乐山电力
688056,莱伯泰科
301202,朗威股份
603040,新坐标
300271,华宇软件
300242,佳云科技
605208,永茂泰
603186,华正新材
300385,雪浪环境
301212,联盛化学
871642,通易航天
839725,惠丰钻石
688028,沃尔德
001366,播恩集团
002519,银河电子
002084,海鸥住工
300410,正业科技
300465,高伟达
301197,工大科雅
300421,力星股份
000504,南华生物
688071,华依科技
603688,石英股份
300941,创识科技
002871,伟隆股份
300766,每日互动
300789,唐源电气
603090,宏盛股份
300625,三雄极光
300402,宝色股份
301135,瑞德智能
001367,海森药业
002870,香山股份
301295,美硕科技
301038,深水规院
003043,华亚智能
688610,埃科光电
301369,联动科技
300927,江天化学
300962,中金辐照
300871,回盛生物
002201,正威新材
300743,天地数码
688202,美迪西
300177,中海达
002284,亚太股份
300982,苏文电能
300797,钢研纳克
301221,光庭信息
300649,杭州园林
300342,天银机电
688549,中巨芯-U
688138,清溢光电
688373,盟科药业-U
301082,久盛电气
688395,正弦电气
000958,电投产融
301297,富乐德
688137,近岸蛋白
603489,八方股份
002898,赛隆药业
300909,汇创达
301279,金道科技
300891,惠云钛业
300631,久吾高科
688219,会通股份
300860,锋尚文化
301529,福赛科技
000737,北方铜业
002774,快意电梯
873223,荣亿精密
601218,吉鑫科技
300283,温州宏丰
300469,信息发展
301009,可靠股份
301063,海锅股份
600202,哈空调
300539,横河精密
603976,正川股份
300444,双杰电气
002382,蓝帆医疗
001696,宗申动力
300869,康泰医学
603528,多伦科技
002887,绿茵生态
301448,开创电气
002158,汉钟精机
600421,华嵘控股
301095,广立微
300341,麦克奥迪
603058,永吉股份
300820,英杰电气
601231,环旭电子
300582,英飞特
688365,光云科技
600076,康欣新材
301209,联合化学
300319,麦捷科技
002520,日发精机
605580,恒盛能源
003017,大洋生物
002037,保利联合
301396,宏景科技
603212,赛伍技术
605033,美邦股份
600843,上工申贝
301379,天山电子
688018,乐鑫科技
000059,华锦股份
301092,争光股份
688630,芯微装
300662,科锐国际
300419,浩丰科技
301167,建研设计
300481,濮阳惠成
600746,江苏索普
300969,恒帅股份
603538,美诺华
600864,哈投股份
603331,百达精工
301203,国泰环保
300006,莱美药业
002672,东江环保
603041,美思德
300593,新雷能
603712,七一二
300929,华骐环保
000973,佛塑科技
300384,三联虹普
688361,中科飞测-U
301218,华是科技
301300,远翔新材
600691,阳煤化工
688582,芯动联科
600770,综艺股份
300890,翔丰华
688478,晶升股份
603998,方盛制药
002909,集泰股份
300120,经纬辉开
688501,青达环保
301387,光大同创
688302,海创药业-U
301314,科瑞思
301299,卓创资讯
688701,卓锦股份
605007,五洲特纸
300950,德固特
002524,光正眼科
832089,禾昌聚合
688323,瑞华泰
301459,丰茂股份
603818,曲美家居
300488,恒锋工具
301099,雅创电子
833751,惠同新材
301155,海力风电
300328,宜安科技
300965,恒宇信通
603256,宏和科技
301227,森鹰窗业
300720,海川智能
603389,亚振家居
301208,中亦科技
301130,西点药业
300265,通光线缆
836957,汉维科技
300338,开元教育
300985,致远新能
300449,汉邦高科
600237,铜峰电子
603458,勘设股份
300386,飞天诚信
600081,东风科技
300302,同有科技
300398,飞凯材料
688252,天德钰
688299,长阳科技
603618,杭电股份
300326,凯利泰
000952,广济药业
603629,利通电子
688589,力合微
603200,上海洗霸
300360,炬华科技
688416,恒烁股份
300689,澄天伟业
300453,三鑫医疗
300864,南大环境
300401,花园生物
600367,红星发展
002636,金安国纪
300471,厚普股份
301248,杰创智能
300578,会畅通讯
002633,申科股份
301066,万事利
300109,新开源
601033,永兴股份
300461,田中精机
300181,佐力药业
430556,雅达股份
603788,宁波高发
300554,三超新材
600133,东湖高新
300219,鸿利智汇
300880,迦南智能
600052,东望时代
430090,同辉信息
688136,科兴制药
000534,万泽股份
300505,川金诺
603897,长城科技
603042,华脉科技
002551,尚荣医疗
688270,臻镭科技
605228,神通科技
300335,迪森股份
301270,汉仪股份
300837,浙矿股份
301008,宏昌科技
300239,东宝生物
872351,华光源海
301237,和顺科技
300564,筑博设计
688596,正帆科技
688700,东威科技
300700,岱勒新材
830809,安达科技
300817,双飞集团
301234,五洲医疗
301100,风光股份
300774,倍杰特
002623,亚玛顿
688651,盛邦安全
301056,森赫股份
301096,百诚医药
002405,四维图新
301199,迈赫股份
600330,天通股份
300882,万胜智能
002082,万邦德
001270,铖昌科技
688484,南芯科技
001319,铭科精技
603045,福达合金
300427,*ST红相
688170,德龙激光
300281,金明精机
430139,华岭股份
300867,圣元环保
001387,雪祺电气
301226,祥明智能
688158,优刻得-W
601059,信达证券
002730,电光科技
430198,微创光电
688356,键凯科技
603229,奥翔药业
301176,逸豪新材
300715,凯伦股份
002620,瑞和股份
870199,倍益康
002718,友邦吊顶
300154,瑞凌股份
688201,信安世纪
300358,楚天科技
688573,信宇人
002989,中天精装
603991,至正股份
301041,金百泽
688656,浩欧博
300619,金银河
688371,菲沃泰
300931,通用电梯
600366,宁波韵升
301043,绿岛风
301258,富士莱
002134,天津普林
300977,深圳瑞捷
605116,奥锐特
688386,泛亚微透
605028,世茂能源
603105,芯能科技
001222,源飞宠物
002880,卫光生物
300605,恒锋信息
000572,海马汽车
300843,胜蓝股份
000605,渤海股份
600316,洪都航空
301057,汇隆新材
300190,维尔利
002830,名雕股份
603518,锦泓集团
300053,航宇微
688671,碧兴物联
603725,天安新材
300609,汇纳科技
002845,同兴达
688051,佳华科技
600151,航天机电
001256,炜冈科技
300323,华灿光电
603678,火炬电子
603595,东尼电子
688507,索辰科技
300901,中胤时尚
688196,卓越新能
688733,壹石通
003011,海象新材
835185,贝特瑞
300641,正丹股份
002012,凯恩股份
002323,雅博股份
603319,湘油泵
002640,跨境通
688268,华特气体
603838,四通股份
688256,寒武纪-U
688070,纵横股份
603825,华扬联众
002836,新宏泽
002308,威创股份
688450,光格科技
301380,挖金客
300192,科德教育
000702,正虹科技
300240,飞力达
003036,泰坦股份
300585,奥联电子
301312,智立方
301357,北方长龙
002542,中化岩土
301148,嘉戎技术
300932,三友联众
688032,禾迈股份
300716,泉为科技
688095,福昕软件
300393,中来股份
002765,蓝黛科技
605577,龙版传媒
688280,精进电动-UW
600727,鲁北化工
688266,泽Z制药-U
688290,景业智能
300956,英力股份
300491,通合科技
300436,广生堂
605258,协和电子
688177,百奥泰
001360,南矿集团
688508,芯朋微
688627,精智达
301158,德石股份
831167,鑫汇科
839792,东和新材
605055,迎丰股份
872953,国子软件
301072,中捷精工
002760,凤形股份
688039,当虹科技
002534,西子洁能
688171,纬德信息
603192,汇得科技
837212,智新电子
301281,科源制药
301550,斯菱股份
688030,山石网科
603189,网达软件
605178,时空科技
831906,舜宇精工
300870,欧陆通
300877,金春股份
688689,银河微电
301505,苏州规划
603166,福达股份
300963,中洲特材
603709,中源家居
688089,嘉必优
600246,万通发展
688646,逸飞激光
600212,绿能慧充
300831,派瑞股份
002272,川润股份
838810,春光药装
001236,弘业期货
300717,华信新材
838227,美登科技
605069,正和生态
688173,希荻微
688468,科美诊断
002338,奥普光电
688079,美迪凯
603326,我乐家居
688667,菱电电控
300943,春晖智控
300653,正海生物
301235,华康医疗
301060,兰卫医学
600363,联创光电
002058,威尔泰
603276,恒兴新材
300767,震安科技
688097,博众精工
300141,和顺电气
688208,道通科技
603005,晶方科技
688319,欧林生物
001358,兴欣新材
300262,巴安水务
300863,卡倍亿
001239,永达股份
002817,黄山胶囊
300696,爱乐达
603068,博通集成
002571,德力股份
300237,美晨生态
300477,合纵科技
300478,杭州高新
300980,祥源新材
688108,赛诺医疗
301107,瑜欣电子
688183,生益电子
603738,泰晶科技
300907,康平科技
301010,晶雪节能
600192,长城电工
300602,飞荣达
688162,巨一科技
301298,东利机械
301568,思泰克
603316,诚邦股份
603269,海鸥股份
600609,金杯汽车
600605,汇通能源
872190,雷神科技
833284,灵鸽科技
300671,富满微
300176,派生科技
003026,中晶科技
300668,杰恩设计
300222,科大智能
000931,中 关 村
688058,宝兰德
688711,宏微科技
002148,北纬科技
301201,诚达药业
688085,三友医疗
600702,舍得酒业
301192,泰祥股份
300509,新美星
603681,永冠新材
300400,劲拓股份
834407,驰诚股份
688523,航天环宇
300118,东方日升
603335,迪生力
688388,嘉元科技
301058,中粮科工
300912,凯龙高科
300828,锐新科技
300546,雄帝科技
603139,康惠制药
002580,圣阳股份
300517,海波重科
301012,扬电科技
833455,汇隆活塞
300599,雄塑科技
688048,长光华芯
300851,交大思诺
603088,宁波精达
300535,达威股份
301157,华塑科技
301186,超达装备
301251,威尔高
000025,特  力Ａ
605303,园林股份
300549,优德精密
002869,金溢科技
688325,赛微微电
300460,惠伦晶体
688152,麒麟信安
688288,鸿泉物联
002983,芯瑞达
688668,鼎通科技
688110,东芯股份
603982,泉峰汽车
603330,天洋新材
300771,智莱科技
300644,南京聚隆
688372,伟测科技
603800,道森股份
000856,冀东装备
688182,灿勤科技
002452,长高电新
002105,信隆健康
688262,国芯科技
838701,豪声电子
300515,三德科技
300849,锦盛新材
301138,华研精机
603312,西典新能
688669,聚石化学
688659,元琛科技
001316,润贝航科
688315,诺禾致源
300694,蠡湖股份
603150,万朗磁塑
301020,密封科技
837006,晟楠科技
600889,南京化纤
300615,欣天科技
300263,隆华科技
300407,凯发电气
002667,威领股份
301336,趣睡科技
300103,达刚控股
301367,怡和嘉业
300480,光力科技
603137,恒尚节能
688329,艾隆科技
688591,泰凌微
430478,P一药业
603176,汇通集团
301239,普瑞眼科
301175,中科环保
300885,海昌新材
301229,纽泰格
000720,新能泰山
300900,广联航空
688203,海正生材
688383,新益昌
603637,镇海股份
000803,山高环能
831445,龙竹科技
688378,奥来德
301080,百普赛斯
688519,南亚新材
600423,柳化股份
603267,鸿远电子
300440,运达科技
300150,世纪瑞尔
002900,哈三联
688228,开普云
300845,捷安高科
301128,强瑞技术
301081,严牌股份
002963,豪尔赛
002055,得润电子
301122,采纳股份
000586,汇源通信
873167,新赣江
300701,森霸传感
002253,川大智胜
002046,国机精工
600137,浪莎股份
300958,建工修复
002940,昂利康
300903,科翔股份
688418,震有科技
000017,深中华A
301170,锡南科技
600055,万东医疗
300252,金信诺
833580,科创新材
002973,侨银股份
002117,东港股份
688682,霍莱沃
688078,龙软科技
002297,博云新材
002295,精艺股份
301326,捷邦科技
002529,海源复材
300610,晨化股份
688339,亿华通-U
839167,同享科技
301053,远信工业
002846,英联股份
301338,凯格精机
836077,吉林碳谷
603089,正裕工业
300942,易瑞生物
300254,仟源医药
300417,南华仪器
002842,翔鹭钨业
831010,凯添燃气
301390,经纬股份
688699,明微电子
300462,华铭智能
871245,威博液压
002455,百川股份
300727,润禾材料
688503,聚和材料
301172,君逸数码
000065,北方国际
603890,春秋电子
603895,天永智能
688595,芯海科技
300412,迦南科技
301578,辰奕智能
300643,万通智控
300905,宝丽迪
301292,海科新源
300648,星云股份
603879,永悦科技
600353,旭光电子
301079,邵阳液压
000767,晋控电力
688181,八亿时空
600326,西藏天路
300329,海伦钢琴
873576,天力复合
300246,宝莱特
688601,力芯微
831195,三祥科技
301252,同星科技
835579,机科股份
301363,美好医疗
000899,赣能股份
833346,威贸电子
300152,新动力
301230,泓博医药
300397,天和防务
688716,中研股份
688049,炬芯科技
301228,实朴检测
688638,誉辰智能
301136,招标股份
300621,维业股份
603978,深圳新星
000679,大连友谊
688663,新风光
300091,金通灵
001268,联合精密
688719,爱科赛博
301105,鸿铭股份
300016,北陆药业
002996,顺博合金
870726,鸿智科技
301386,未来电器
688296,和达科技
003004,声迅股份
301193,家联科技
688798,艾为电子
001231,农心科技
839493,并行科技
300964,本川智能
688234,天岳先进
688101,三达膜
601096,宏盛华源
300363,博腾股份
300868,杰美特
688655,迅捷兴
002729,好利科技
834415,恒拓开源
688063,派能科技
301065,本立科技
832145,恒合股份
002717,岭南股份
688226,威腾电气
605058,澳弘电子
832419,路斯股份
603856,东宏股份
300804,广康生化
300721,怡达股份
001326,联域股份
002480,新筑股份
603429,集友股份
688362,甬矽电子
688316,青云科技-U
301097,天益医疗
300906,日月明
603421,鼎信通讯
002723,小崧股份
002387,维信诺
301273,瑞晨环保
300550,和仁科技
832278,鹿得医疗
688021,奥福环保
603669,灵康药业
301021,英诺激光
301046,能辉科技
002798,帝欧家居
301266,宇邦新材
688081,兴图新科
301566,达利凯普
605162,新中港
002977,天箭科技
001283,豪鹏科技
600520,文一科技
301033,迈普医学
688718,唯赛勃
430300,辰光医疗
300334,津膜科技
688293,奥浦迈
688377,迪威尔
603066,音飞储存
300930,屹通新材
300854,中兰环保
002094,青岛金王
688662,富信科技
830946,森萱医药
836433,大唐药业
300472,新元科技
300753,爱朋医疗
603813,原尚股份
600107,美尔雅
300844,山水比德
300825,阿尔特
832171,志晟信息
300072,海新能科
301359,东南电子
600053,九鼎投资
688778,厦钨新能
603809,豪能股份
603385,惠达卫浴
300746,汉嘉设计
301567,贝隆精密
301233,盛帮股份
605177,东亚药业
300157,新锦动力
301040,中环海陆
300886,华业香料
603900,莱绅通灵
600768,宁波富邦
300099,尤洛卡
831304,迪尔化工
002823,凯中精密
688205,德科立
688067,爱威科技
600207,安彩高科
688038,中科通达
301001,凯淳股份
002192,融捷股份
002856,美芝股份
300739,明阳电路
300391,长药控股
688313,仕佳光子
835368,连城数控
688265,南模生物
301016,雷尔伟
688629,华丰科技
688258,卓易信息
301024,霍普股份
002188,中天服务
605319,无锡振华
300562,乐心医疗
603829,洛凯股份
688168,安博通
873726,卓兆点胶
603968,醋化股份
688314,康拓医疗
836871,派特尔
688233,神工股份
002579,中京电子
603815,交建股份
301139,元道通信
300827,上能电气
301519,舜禹股份
688787,海天瑞声
605376,博迁新材
831834,三维股份
301376,致欧科技
300921,南凌科技
835670,数字人
002205,国统股份
603663,三祥新材
688306,均普智能
688393,安必平
300379,东方通
002943,宇晶股份
831689,克莱特
301413,安培龙
301319,唯特偶
300279,和晶科技
688358,祥生医疗
832876,慧为智能
301383,天键股份
603676,卫信康
301328,维峰电子
002066,瑞泰科技
300928,华安鑫创
301006,迈拓股份
688088,虹软科技
001309,德明利
688046,药康生物
300125,聆达股份
832000,安徽凤凰
002857,三晖电气
300759,康龙化成
300447,全信股份
002300,太阳电缆
301070,开勒股份
300733,西菱动力
300518,新迅达
301141,中科磁业
001211,双枪科技
002376,新北洋
300084,海默科技
688607,康众医疗
688237,超卓航科
688322,奥比中光-UW
301059,金三江
002288,超华科技
603933,睿能科技
832149,利尔达
600191,华资实业
003008,开普检测
601515,东峰集团
301222,浙江恒威
603768,常青股份
832225,利通科技
300813,泰林生物
873833,美心翼申
300807,天迈科技
301182,凯旺科技
688652,京仪装备
605151,西上海
688588,凌志软件
603955,大千生态
688179,阿拉丁
300673,佩蒂股份
002637,赞宇科技
300822,贝仕达克
688590,新致软件
002949,华阳国际
003001,中岩大地
836699,海达尔
688195,腾景科技
831627,力王股份
603367,辰欣药业
835508,殷图网联
688026,洁特生物
600189,泉阳泉
600284,浦东建设
002811,郑中设计
002645,华宏科技
832982,锦波生物
301388,欣灵电气
300543,朗科智能
301178,天亿马
300626,华瑞股份
301180,万祥科技
300800,力合科技
002178,延华智能
605566,福莱蒽特
300786,国林科技
872392,佳合科技
605001,威奥股份
603666,亿嘉和
688693,锴威特
002826,易明医药
600847,万里股份
000590,启迪药业
688592,司南导航
300374,中铁装配
300614,百川畅银
300030,阳普医疗
832469,富恒新材
688328,深科达
301456,盘古智能
600650,锦江在线
002325,洪涛股份
688472,阿特斯
300499,高澜股份
301517,陕西华达
600732,爱旭股份
600836,上海易连
688307,中润光学
688272,*ST富吉
832662,方盛股份
688093,世华科技
300758,七彩化学
838971,天马新材
688359,三孚新科
300994,久祺股份
839680,广道数字
301075,多瑞医药
002129,TCL中环
688216,气派科技
835237,力佳科技
688312,燕麦科技
603191,望变电气
000850,华茂股份
870204,沪江材料
603373,安邦护卫
688571,杭华股份
873152,天宏锂电
300479,神思电子
300652,雷迪克
836239,长虹能源
605255,天普股份
603359,东珠生态
300935,盈建科
688616,西力科技
603051,鹿山新材
002471,中超控股
873703,广厦环能
300757,罗博特科
301049,超越科技
300594,朗进科技
002715,登云股份
300865,大宏立
002072,凯瑞德
688613,奥精医疗
000532,华金资本
603655,朗博科技
300137,先河环保
603009,北特科技
300635,中达安
688480,赛恩斯
301098,金埔园林
873690,捷众科技
688178,万德斯
300823,建科机械
001379,腾达科技
688466,金科环境
836547,无锡晶海
831856,浩淼科技
833171,国航远洋
688653,康希通信
831641,格利尔
300779,惠城环保
832110,雷特科技
603320,迪贝电气
688118,普元信息
300897,山科智能
688631,莱斯信息
834765,美之高
300670,大烨智能
871553,凯腾精工
688619,罗普特
603777,来伊份
870976,视声智能
605268,王力安防
871634,新威凌
873305,九菱科技
838030,德众汽车
837046,亿能电力
870508,丰安股份
830832,齐鲁华信
300405,科隆股份
603843,正平股份
300270,中威电子
002310,东方园林
300862,蓝盾光电
831152,昆工科技
000861,海印股份
001202,炬申股份
002501,利源股份
300995,奇德新材
600301,华锡有色
002488,金固股份
300836,佰奥智能
873665,科强股份
834770,艾能聚
688679,通源环境
605298,必得科技
873679,前进科技
603439,贵州三力
002199,东晶电子
831855,浙江大农
301577,美信科技
688029,南微医学
833523,德瑞锂电
833873,中设咨询
688310,迈得医疗
834058,华洋赛车
603033,三维股份
834475,三友科技
600165,宁科生物
300812,易天股份
833030,立方控股
603648,畅联股份
002141,贤丰控股
002523,天桥起重
836149,旭杰科技
600800,渤海化学
002544,普天科技
603315,福鞍股份
300719,安达维尔
832802,保丽洁
600243,青海华鼎
603969,银龙股份
002388,新亚制程
002769,普路通
603959,百利科技
839729,永顺生物
603963,大理药业
603122,合富中国
603363,傲农生物
600689,上海三毛
600629,华建集团
000068,华控赛格
002789,建艺集团
000798,中水渔业
000151,中成股份
603126,中材节能
001376,百通能源
002336,人人乐
603221,爱丽家居
002971,和远气体
600088,中视传媒
001288,运机集团
603867,新化股份
603718,海利生物
605136,丽人丽妆
603860,中公高科
603259,药明康德
601968,宝钢包装
600630,龙头股份
600097,开创国际
002883,中设股份
603721,中广天择
003007,直真科技
001229,魅视科技
000037,深南电A
603358,华达科技
001260,坤泰股份
831396,许昌智能
002116,中国海诚
000668,荣丰控股
836260,中寰股份
601566,九牧王
601519,大智慧
300069,金利华电
000820,神雾节能
830974,凯大催化
002621,美吉姆
002333,罗普斯金
600213,亚星客车
002750,龙津药业
000908,景峰医药
873169,七丰精工
002217,合力泰
600715,文投控股
870299,灿能电力
836414,欧普泰
300268,*ST佳沃
300282,*ST三盛
838262,太湖雪
871396,常辅股份
834950,迅安科技
301526,国际复材
871981,晶赛科技
688776,国光电气
836961,西磁科技
836395,朗鸿科技
300998,宁波方正
300742,*ST越博
300208,青岛中程
300425,中建环能
300210,森远股份
836504,博迅生物
837403,康农种业
872895,花溪科技
873570,坤博精工
871970,大禹生物
831961,创远信科
873132,泰鹏智能
688084,晶品特装
688685,迈信林
831087,秋乐种业
300536,农尚环境
300108,ST吉药
300799,*ST左江